h,y1_med,y1_lo,y1_hi,log_sp500_med,log_sp500_lo,log_sp500_hi,log_rgdp_med,log_rgdp_lo,log_rgdp_hi,log_pgdp_med,log_pgdp_lo,log_pgdp_hi,unemp_med,unemp_lo,unemp_hi,EBP_med,EBP_lo,EBP_hi
0,0.000000,0.000000,0.000000,0.000000,0.000000,0.000000,0.000000,0.000000,0.000000,0.000000,0.000000,0.000000,0.000000,0.000000,0.000000,0.000000,0.000000,0.000000
1,0.053364,0.025281,0.082307,0.001014,-0.003955,0.006080,0.000635,-0.000578,0.001845,-0.000525,-0.001469,0.000401,0.009678,-0.003394,0.022960,0.034943,0.021650,0.048673
2,0.052785,0.021686,0.082448,0.001351,-0.003666,0.006466,0.000441,-0.000787,0.001656,-0.000609,-0.001503,0.000307,0.011569,-0.001356,0.024674,0.038656,0.023063,0.054517
3,0.059546,0.026934,0.093280,0.000403,-0.004757,0.005865,0.000419,-0.000793,0.001672,-0.000678,-0.001605,0.000260,-0.000273,-0.013768,0.013124,0.048559,0.030570,0.065933
4,0.058806,0.023899,0.094632,0.000067,-0.005239,0.005238,0.000320,-0.000993,0.001578,-0.000586,-0.001537,0.000351,0.007132,-0.007430,0.021245,0.049388,0.030694,0.068803
5,0.052349,0.015279,0.091488,-0.000021,-0.005586,0.005500,0.000405,-0.000864,0.001718,-0.000656,-0.001630,0.000300,-0.010002,-0.025240,0.006045,0.051208,0.030179,0.073172
6,0.047298,0.006284,0.087786,-0.003583,-0.009365,0.001942,0.000287,-0.000987,0.001631,-0.000511,-0.001476,0.000459,0.002982,-0.013004,0.019369,0.069014,0.046037,0.091535
7,0.033977,-0.007054,0.076682,-0.001734,-0.007977,0.004223,0.000336,-0.001054,0.001646,-0.000637,-0.001591,0.000394,-0.007996,-0.025017,0.009803,0.029131,0.005054,0.053427
8,0.038064,-0.006040,0.083299,-0.003143,-0.009605,0.003125,0.000048,-0.001351,0.001520,-0.000138,-0.001208,0.000908,-0.005213,-0.022938,0.012332,0.032948,0.008674,0.058339
9,0.030789,-0.015369,0.075069,-0.002637,-0.009215,0.003821,0.000054,-0.001353,0.001497,-0.000240,-0.001366,0.000836,-0.008515,-0.027017,0.009723,0.022685,-0.002535,0.049953
10,0.028443,-0.019292,0.075524,-0.001298,-0.007791,0.005411,0.000210,-0.001260,0.001707,-0.000376,-0.001427,0.000726,-0.024095,-0.043837,-0.003081,0.039231,0.012373,0.065876
11,0.032783,-0.015843,0.080683,-0.004274,-0.011151,0.002490,0.000016,-0.001477,0.001499,-0.000344,-0.001428,0.000731,-0.011525,-0.031244,0.009862,0.015846,-0.010224,0.044844
12,0.027067,-0.024057,0.078229,-0.000929,-0.007923,0.005758,0.000159,-0.001403,0.001647,-0.000359,-0.001475,0.000778,-0.015212,-0.036722,0.006513,-0.009669,-0.037384,0.018537
13,0.029028,-0.012941,0.071793,-0.003180,-0.008395,0.001696,0.000076,-0.000861,0.000968,-0.000721,-0.001359,-0.000124,0.003028,-0.015252,0.021720,0.005456,-0.018607,0.029329
14,0.023921,-0.018882,0.066497,-0.003893,-0.009243,0.001125,0.000027,-0.000926,0.000965,-0.000736,-0.001357,-0.000118,0.006913,-0.012607,0.026672,0.003322,-0.019644,0.026674
15,0.016298,-0.028315,0.060183,-0.004051,-0.009501,0.001388,0.000036,-0.000890,0.001005,-0.000662,-0.001291,-0.000054,0.003013,-0.017497,0.023677,0.002813,-0.020126,0.025796
16,0.011955,-0.033624,0.056221,-0.004088,-0.010041,0.001442,-0.000011,-0.001011,0.000880,-0.000657,-0.001286,-0.000079,0.007637,-0.013308,0.029561,-0.000006,-0.021396,0.022415
17,0.005534,-0.039672,0.051509,-0.003929,-0.009826,0.001821,-0.000134,-0.001111,0.000819,-0.000566,-0.001214,0.000019,0.008387,-0.013609,0.030554,-0.001972,-0.022116,0.019926
18,0.000773,-0.044404,0.047022,-0.004459,-0.010495,0.001162,-0.000217,-0.001160,0.000758,-0.000554,-0.001168,0.000063,0.011513,-0.011085,0.034628,-0.001674,-0.020823,0.018330
19,-0.005284,-0.051945,0.040542,-0.003733,-0.010025,0.002234,-0.000294,-0.001314,0.000650,-0.000484,-0.001113,0.000067,0.011024,-0.012813,0.035363,0.000495,-0.018220,0.018805
20,-0.008436,-0.056543,0.037849,-0.004146,-0.010527,0.002037,-0.000350,-0.001388,0.000599,-0.000424,-0.001047,0.000162,0.013210,-0.011290,0.037880,0.000991,-0.015483,0.018446
21,-0.013555,-0.062749,0.032741,-0.003609,-0.010194,0.002596,-0.000444,-0.001488,0.000493,-0.000350,-0.000987,0.000228,0.014383,-0.010627,0.040963,-0.002826,-0.019344,0.013792
22,-0.015432,-0.065610,0.031315,-0.003294,-0.010072,0.002847,-0.000493,-0.001502,0.000469,-0.000393,-0.001010,0.000164,0.014740,-0.011106,0.041448,0.001702,-0.014031,0.017319
23,-0.016058,-0.065959,0.030310,-0.003727,-0.010528,0.002524,-0.000580,-0.001615,0.000334,-0.000364,-0.000957,0.000171,0.015709,-0.010159,0.043278,0.003647,-0.010892,0.018078
24,-0.018616,-0.069351,0.026693,-0.003104,-0.010112,0.003284,-0.000598,-0.001629,0.000365,-0.000313,-0.000931,0.000242,0.014566,-0.011956,0.043202,0.000964,-0.012502,0.015175
25,-0.018567,-0.069677,0.027300,-0.003346,-0.010419,0.003098,-0.000540,-0.001583,0.000438,-0.000404,-0.000988,0.000109,0.015466,-0.011776,0.044920,0.002002,-0.010724,0.015060
26,-0.018510,-0.069433,0.026965,-0.003587,-0.010762,0.002916,-0.000576,-0.001665,0.000369,-0.000390,-0.000955,0.000112,0.016985,-0.010444,0.047059,0.002962,-0.008634,0.015608
27,-0.019266,-0.070730,0.024835,-0.003569,-0.010707,0.002953,-0.000629,-0.001683,0.000346,-0.000360,-0.000955,0.000154,0.016438,-0.010654,0.047164,0.002655,-0.008198,0.014729
28,-0.019198,-0.070688,0.024583,-0.003537,-0.010983,0.003015,-0.000615,-0.001737,0.000365,-0.000363,-0.000957,0.000148,0.016409,-0.010634,0.047281,0.004338,-0.006438,0.015983
29,-0.018986,-0.071385,0.024100,-0.003670,-0.011092,0.002890,-0.000640,-0.001781,0.000336,-0.000361,-0.000950,0.000153,0.016188,-0.010709,0.047105,0.004826,-0.005552,0.015953
30,-0.019056,-0.070793,0.022833,-0.003699,-0.011174,0.003031,-0.000662,-0.001778,0.000330,-0.000335,-0.000937,0.000176,0.016120,-0.010956,0.047203,0.004091,-0.006284,0.015196
31,-0.018966,-0.069569,0.021730,-0.003710,-0.011206,0.002970,-0.000678,-0.001809,0.000324,-0.000347,-0.000938,0.000170,0.016027,-0.010950,0.046728,0.004135,-0.006220,0.014800
32,-0.018394,-0.068051,0.022068,-0.003861,-0.011506,0.002738,-0.000663,-0.001848,0.000319,-0.000354,-0.000961,0.000155,0.015683,-0.010541,0.047033,0.004639,-0.005325,0.015363
33,-0.018122,-0.066929,0.020378,-0.003909,-0.011491,0.002721,-0.000679,-0.001835,0.000309,-0.000342,-0.000942,0.000175,0.015205,-0.010717,0.046283,0.003941,-0.005849,0.014548
34,-0.017933,-0.064707,0.019887,-0.003796,-0.011466,0.002791,-0.000667,-0.001836,0.000340,-0.000363,-0.000965,0.000164,0.014611,-0.010512,0.045381,0.003643,-0.006205,0.014377
35,-0.016238,-0.062516,0.019708,-0.003951,-0.011680,0.002516,-0.000666,-0.001865,0.000317,-0.000365,-0.000971,0.000141,0.014400,-0.010006,0.044631,0.003468,-0.006311,0.014330
36,-0.015683,-0.060318,0.018683,-0.003960,-0.011656,0.002464,-0.000664,-0.001855,0.000304,-0.000353,-0.000963,0.000146,0.013939,-0.009909,0.043544,0.002514,-0.007205,0.013198
37,-0.015197,-0.058131,0.018270,-0.003920,-0.011651,0.002338,-0.000665,-0.001862,0.000321,-0.000370,-0.000978,0.000134,0.013482,-0.009512,0.042495,0.002242,-0.007723,0.013022
38,-0.013629,-0.055986,0.017472,-0.003996,-0.011641,0.002192,-0.000656,-0.001860,0.000328,-0.000377,-0.000988,0.000131,0.013248,-0.009071,0.041834,0.002116,-0.008100,0.012500
39,-0.013268,-0.053725,0.016700,-0.004019,-0.011560,0.002119,-0.000657,-0.001858,0.000313,-0.000371,-0.000984,0.000128,0.012572,-0.008732,0.040140,0.001198,-0.009092,0.011584
40,-0.012495,-0.050795,0.016342,-0.003974,-0.011458,0.002073,-0.000660,-0.001849,0.000311,-0.000373,-0.000993,0.000128,0.011950,-0.008183,0.039289,0.000754,-0.009931,0.011082
41,-0.011639,-0.048313,0.015949,-0.003953,-0.011392,0.001885,-0.000653,-0.001860,0.000301,-0.000380,-0.001003,0.000117,0.011624,-0.007555,0.038395,0.000492,-0.010335,0.010586
42,-0.010403,-0.046026,0.015471,-0.003936,-0.011332,0.001778,-0.000649,-0.001858,0.000301,-0.000376,-0.000997,0.000122,0.011213,-0.007092,0.037253,-0.000011,-0.010910,0.010014
43,-0.009351,-0.043843,0.015441,-0.003849,-0.011173,0.001800,-0.000645,-0.001826,0.000283,-0.000381,-0.000994,0.000120,0.010679,-0.006925,0.035927,-0.000674,-0.011730,0.009260
44,-0.008340,-0.041718,0.015946,-0.003837,-0.011088,0.001699,-0.000636,-0.001831,0.000278,-0.000383,-0.001003,0.000119,0.010337,-0.006891,0.034708,-0.000935,-0.012127,0.008778
45,-0.007595,-0.039516,0.015708,-0.003795,-0.010966,0.001615,-0.000634,-0.001815,0.000273,-0.000379,-0.000995,0.000122,0.009954,-0.006425,0.033317,-0.001398,-0.012784,0.008308
46,-0.007110,-0.037613,0.016104,-0.003684,-0.010737,0.001582,-0.000637,-0.001806,0.000265,-0.000375,-0.001005,0.000120,0.009206,-0.006218,0.032130,-0.001724,-0.013205,0.007732
47,-0.006612,-0.035689,0.016685,-0.003622,-0.010563,0.001507,-0.000626,-0.001802,0.000253,-0.000380,-0.001000,0.000120,0.008656,-0.005891,0.030811,-0.001956,-0.013694,0.007322
48,-0.005959,-0.033941,0.017269,-0.003562,-0.010377,0.001446,-0.000624,-0.001797,0.000251,-0.000373,-0.000993,0.000124,0.008135,-0.005862,0.029876,-0.002301,-0.014135,0.006990
