word,sentiment
abandon,neg
abandoned,neg
abandoning,neg
abandonment,neg
abandonments,neg
abandons,neg
abdicated,neg
abdicates,neg
abdicating,neg
abdication,neg
abdications,neg
aberrant,neg
aberration,neg
aberrational,neg
aberrations,neg
abetting,neg
able,pos
abnormal,neg
abnormalities,neg
abnormality,neg
abnormally,neg
abolish,neg
abolished,neg
abolishes,neg
abolishing,neg
abrogate,neg
abrogated,neg
abrogates,neg
abrogating,neg
abrogation,neg
abrogations,neg
abrupt,neg
abruptly,neg
abruptness,neg
absence,neg
absences,neg
absenteeism,neg
abundance,pos
abundant,pos
abuse,neg
abused,neg
abuses,neg
abusing,neg
abusive,neg
abusively,neg
abusiveness,neg
accident,neg
accidental,neg
accidentally,neg
accidents,neg
acclaimed,pos
accomplish,pos
accomplished,pos
accomplishes,pos
accomplishing,pos
accomplishment,pos
accomplishments,pos
accusation,neg
accusations,neg
accuse,neg
accused,neg
accuses,neg
accusing,neg
achieve,pos
achieved,pos
achievement,pos
achievements,pos
achieves,pos
achieving,pos
acquiesce,neg
acquiesced,neg
acquiesces,neg
acquiescing,neg
acquit,neg
acquits,neg
acquittal,neg
acquittals,neg
acquitted,neg
acquitting,neg
adequately,pos
adulterate,neg
adulterated,neg
adulterating,neg
adulteration,neg
adulterations,neg
advancement,pos
advancements,pos
advances,pos
advancing,pos
advantage,pos
advantaged,pos
advantageous,pos
advantageously,pos
advantages,pos
adversarial,neg
adversaries,neg
adversary,neg
adverse,neg
adversely,neg
adversities,neg
adversity,neg
aftermath,neg
aftermaths,neg
against,neg
aggravate,neg
aggravated,neg
aggravates,neg
aggravating,neg
aggravation,neg
aggravations,neg
alerted,neg
alerting,neg
alienate,neg
alienated,neg
alienates,neg
alienating,neg
alienation,neg
alienations,neg
allegation,neg
allegations,neg
allege,neg
alleged,neg
allegedly,neg
alleges,neg
alleging,neg
alliance,pos
alliances,pos
annoy,neg
annoyance,neg
annoyances,neg
annoyed,neg
annoying,neg
annoys,neg
annul,neg
annulled,neg
annulling,neg
annulment,neg
annulments,neg
annuls,neg
anomalies,neg
anomalous,neg
anomalously,neg
anomaly,neg
anticompetitive,neg
antitrust,neg
argue,neg
argued,neg
arguing,neg
argument,neg
argumentative,neg
arguments,neg
arrearage,neg
arrearages,neg
arrears,neg
arrest,neg
arrested,neg
arrests,neg
artificially,neg
assault,neg
assaulted,neg
assaulting,neg
assaults,neg
assertions,neg
assure,pos
assured,pos
assures,pos
assuring,pos
attain,pos
attained,pos
attaining,pos
attainment,pos
attainments,pos
attains,pos
attractive,pos
attractiveness,pos
attrition,neg
aversely,neg
backdating,neg
bad,neg
bail,neg
bailout,neg
balk,neg
balked,neg
bankrupt,neg
bankruptcies,neg
bankruptcy,neg
bankrupted,neg
bankrupting,neg
bankrupts,neg
bans,neg
barred,neg
barrier,neg
barriers,neg
beautiful,pos
beautifully,pos
beneficially,pos
benefited,pos
benefiting,pos
benefitted,pos
benefitting,pos
best,pos
better,pos
bolstered,pos
bolstering,pos
bolsters,pos
boom,pos
booming,pos
boost,pos
boosted,pos
bottleneck,neg
bottlenecks,neg
boycott,neg
boycotted,neg
boycotting,neg
boycotts,neg
breach,neg
breached,neg
breaches,neg
breaching,neg
break,neg
breakage,neg
breakages,neg
breakdown,neg
breakdowns,neg
breaks,neg
breakthrough,pos
breakthroughs,pos
bribe,neg
bribed,neg
briberies,neg
bribery,neg
bribes,neg
bribing,neg
brilliant,pos
burden,neg
burdened,neg
burdening,neg
burdens,neg
burdensome,neg
burned,neg
calamities,neg
calamitous,neg
calamity,neg
cancel,neg
canceled,neg
canceling,neg
cancellation,neg
cancellations,neg
cancelled,neg
cancelling,neg
cancels,neg
careless,neg
carelessly,neg
carelessness,neg
catastrophe,neg
catastrophes,neg
catastrophic,neg
catastrophically,neg
caution,neg
cautionary,neg
cautioned,neg
cautioning,neg
cautions,neg
cease,neg
ceased,neg
ceases,neg
ceasing,neg
censure,neg
censured,neg
censures,neg
censuring,neg
challenge,neg
challenged,neg
challenges,neg
challenging,neg
chargeoffs,neg
charitable,pos
circumvent,neg
circumvented,neg
circumventing,neg
circumvention,neg
circumventions,neg
circumvents,neg
claiming,neg
claims,neg
clawback,neg
closeout,neg
closeouts,neg
closings,neg
closure,neg
closures,neg
coerce,neg
coerced,neg
coerces,neg
coercing,neg
coercion,neg
coercive,neg
collaborate,pos
collaborated,pos
collaborates,pos
collaborating,pos
collaboration,pos
collaborations,pos
collaborative,pos
collaborator,pos
collaborators,pos
collapse,neg
collapsed,neg
collapses,neg
collapsing,neg
collision,neg
collisions,neg
collude,neg
colluded,neg
colludes,neg
colluding,neg
collusion,neg
collusions,neg
collusive,neg
complain,neg
complained,neg
complaining,neg
complains,neg
complaint,neg
complaints,neg
complicate,neg
complicated,neg
complicates,neg
complicating,neg
complication,neg
complications,neg
compliment,pos
complimentary,pos
complimented,pos
complimenting,pos
compliments,pos
compulsion,neg
concealed,neg
concealing,neg
concede,neg
conceded,neg
concedes,neg
conceding,neg
concern,neg
concerned,neg
concerns,neg
conciliating,neg
conciliation,neg
conciliations,neg
conclusive,pos
conclusively,pos
condemn,neg
condemnation,neg
condemnations,neg
condemned,neg
condemning,neg
condemns,neg
condone,neg
condoned,neg
conducive,pos
confess,neg
confessed,neg
confesses,neg
confessing,neg
confession,neg
confident,pos
confine,neg
confined,neg
confinement,neg
confinements,neg
confines,neg
confining,neg
confiscate,neg
confiscated,neg
confiscates,neg
confiscating,neg
confiscation,neg
confiscations,neg
conflict,neg
conflicted,neg
conflicting,neg
conflicts,neg
confront,neg
confrontation,neg
confrontational,neg
confrontations,neg
confronted,neg
confronting,neg
confronts,neg
confuse,neg
confused,neg
confuses,neg
confusing,neg
confusingly,neg
confusion,neg
conspiracies,neg
conspiracy,neg
conspirator,neg
conspiratorial,neg
conspirators,neg
conspire,neg
conspired,neg
conspires,neg
conspiring,neg
constructive,pos
constructively,pos
contempt,neg
contend,neg
contended,neg
contending,neg
contends,neg
contention,neg
contentions,neg
contentious,neg
contentiously,neg
contested,neg
contesting,neg
contraction,neg
contractions,neg
contradict,neg
contradicted,neg
contradicting,neg
contradiction,neg
contradictions,neg
contradictory,neg
contradicts,neg
contrary,neg
controversial,neg
controversies,neg
controversy,neg
convict,neg
convicted,neg
convicting,neg
conviction,neg
convictions,neg
corrected,neg
correcting,neg
correction,neg
corrections,neg
corrects,neg
corrupt,neg
corrupted,neg
corrupting,neg
corruption,neg
corruptions,neg
corruptly,neg
corruptness,neg
costly,neg
counterclaim,neg
counterclaimed,neg
counterclaiming,neg
counterclaims,neg
counterfeit,neg
counterfeited,neg
counterfeiter,neg
counterfeiters,neg
counterfeiting,neg
counterfeits,neg
countermeasure,neg
countermeasures,neg
courteous,pos
creative,pos
creatively,pos
creativeness,pos
creativity,pos
crime,neg
crimes,neg
criminal,neg
criminally,neg
criminals,neg
crises,neg
crisis,neg
critically,neg
criticism,neg
criticisms,neg
criticize,neg
criticized,neg
criticizes,neg
criticizing,neg
crucial,neg
crucially,neg
culpability,neg
culpable,neg
culpably,neg
cumbersome,neg
curtail,neg
curtailed,neg
curtailing,neg
curtailment,neg
curtailments,neg
curtails,neg
cut,neg
cutback,neg
cutbacks,neg
cyberattack,neg
cyberattacks,neg
cyberbullying,neg
cybercrime,neg
cybercrimes,neg
cybercriminal,neg
cybercriminals,neg
damage,neg
damaged,neg
damages,neg
damaging,neg
dampen,neg
dampened,neg
danger,neg
dangerous,neg
dangerously,neg
dangers,neg
deadlock,neg
deadlocked,neg
deadlocking,neg
deadlocks,neg
deadweight,neg
deadweights,neg
debarment,neg
debarments,neg
debarred,neg
deceased,neg
deceit,neg
deceitful,neg
deceitfulness,neg
deceive,neg
deceived,neg
deceives,neg
deceiving,neg
deception,neg
deceptions,neg
deceptive,neg
deceptively,neg
decline,neg
declined,neg
declines,neg
declining,neg
deface,neg
defaced,neg
defacement,neg
defamation,neg
defamations,neg
defamatory,neg
defame,neg
defamed,neg
defames,neg
defaming,neg
default,neg
defaulted,neg
defaulting,neg
defaults,neg
defeat,neg
defeated,neg
defeating,neg
defeats,neg
defect,neg
defective,neg
defects,neg
defend,neg
defendant,neg
defendants,neg
defended,neg
defending,neg
defends,neg
defensive,neg
defer,neg
deficiencies,neg
deficiency,neg
deficient,neg
deficit,neg
deficits,neg
defraud,neg
defrauded,neg
defrauding,neg
defrauds,neg
defunct,neg
degradation,neg
degradations,neg
degrade,neg
degraded,neg
degrades,neg
degrading,neg
delay,neg
delayed,neg
delaying,neg
delays,neg
deleterious,neg
deliberate,neg
deliberated,neg
deliberately,neg
delight,pos
delighted,pos
delightful,pos
delightfully,pos
delighting,pos
delights,pos
delinquencies,neg
delinquency,neg
delinquent,neg
delinquently,neg
delinquents,neg
delist,neg
delisted,neg
delisting,neg
delists,neg
demise,neg
demised,neg
demises,neg
demising,neg
demolish,neg
demolished,neg
demolishes,neg
demolishing,neg
demolition,neg
demolitions,neg
demote,neg
demoted,neg
demotes,neg
demoting,neg
demotion,neg
demotions,neg
denial,neg
denials,neg
denied,neg
denies,neg
denigrate,neg
denigrated,neg
denigrates,neg
denigrating,neg
denigration,neg
deny,neg
denying,neg
dependability,pos
dependable,pos
deplete,neg
depleted,neg
depletes,neg
depleting,neg
depletion,neg
depletions,neg
deprecation,neg
depress,neg
depressed,neg
depresses,neg
depressing,neg
deprivation,neg
deprive,neg
deprived,neg
deprives,neg
depriving,neg
derelict,neg
dereliction,neg
derogatory,neg
desirable,pos
desired,pos
despite,pos
destabilization,neg
destabilize,neg
destabilized,neg
destabilizing,neg
destined,pos
destroy,neg
destroyed,neg
destroying,neg
destroys,neg
destruction,neg
destructive,neg
detain,neg
detained,neg
detention,neg
detentions,neg
deter,neg
deteriorate,neg
deteriorates,neg
deteriorating,neg
deteriorations,neg
deterred,neg
deterrence,neg
deterrences,neg
deterrent,neg
deterrents,neg
deterring,neg
deters,neg
detract,neg
detracted,neg
detracting,neg
detriment,neg
detrimental,neg
detrimentally,neg
detriments,neg
devalue,neg
devalued,neg
devalues,neg
devaluing,neg
devastate,neg
devastated,neg
devastating,neg
devastation,neg
deviate,neg
deviated,neg
deviates,neg
deviating,neg
deviation,neg
deviations,neg
devolve,neg
devolved,neg
devolves,neg
devolving,neg
difficult,neg
difficulties,neg
difficultly,neg
difficulty,neg
diligent,pos
diligently,pos
diminish,neg
diminished,neg
diminishes,neg
diminishing,neg
diminution,neg
disadvantage,neg
disadvantaged,neg
disadvantageous,neg
disadvantages,neg
disaffiliation,neg
disagree,neg
disagreeable,neg
disagreed,neg
disagreeing,neg
disagreement,neg
disagreements,neg
disagrees,neg
disallow,neg
disallowance,neg
disallowances,neg
disallowed,neg
disallowing,neg
disallows,neg
disappear,neg
disappearance,neg
disappearances,neg
disappeared,neg
disappearing,neg
disappears,neg
disappoint,neg
disappointed,neg
disappointing,neg
disappointingly,neg
disappointment,neg
disappointments,neg
disappoints,neg
disapproval,neg
disapprovals,neg
disapprove,neg
disapproved,neg
disapproves,neg
disapproving,neg
disassociates,neg
disassociating,neg
disassociation,neg
disassociations,neg
disaster,neg
disasters,neg
disastrous,neg
disastrously,neg
disavow,neg
disavowal,neg
disavowed,neg
disavowing,neg
disavows,neg
disciplinary,neg
disclaim,neg
disclaimed,neg
disclaimer,neg
disclaimers,neg
disclaiming,neg
disclaims,neg
disclose,neg
disclosed,neg
discloses,neg
disclosing,neg
discontinuance,neg
discontinuances,neg
discontinuation,neg
discontinuations,neg
discontinue,neg
discontinued,neg
discontinues,neg
discontinuing,neg
discourage,neg
discouraged,neg
discourages,neg
discouraging,neg
discredit,neg
discredited,neg
discrediting,neg
discredits,neg
discrepancies,neg
discrepancy,neg
disfavor,neg
disfavored,neg
disfavoring,neg
disfavors,neg
disgorge,neg
disgorged,neg
disgorgement,neg
disgorgements,neg
disgorges,neg
disgorging,neg
disgrace,neg
disgraceful,neg
disgracefully,neg
dishonest,neg
dishonestly,neg
dishonesty,neg
dishonor,neg
dishonorable,neg
dishonorably,neg
dishonored,neg
dishonoring,neg
dishonors,neg
disincentives,neg
disinterested,neg
disinterestedly,neg
disinterestedness,neg
disloyal,neg
disloyally,neg
disloyalty,neg
dismal,neg
dismally,neg
dismiss,neg
dismissal,neg
dismissals,neg
dismissed,neg
dismisses,neg
dismissing,neg
disorderly,neg
disparage,neg
disparaged,neg
disparagement,neg
disparagements,neg
disparages,neg
disparaging,neg
disparagingly,neg
disparities,neg
disparity,neg
displace,neg
displaced,neg
displacement,neg
displacements,neg
displaces,neg
displacing,neg
dispose,neg
dispossess,neg
dispossessed,neg
dispossesses,neg
dispossessing,neg
disproportion,neg
disproportional,neg
disproportionate,neg
disproportionately,neg
dispute,neg
disputed,neg
disputes,neg
disputing,neg
disqualification,neg
disqualifications,neg
disqualified,neg
disqualifies,neg
disqualify,neg
disqualifying,neg
disregard,neg
disregarded,neg
disregarding,neg
disregards,neg
disreputable,neg
disrepute,neg
disrupt,neg
disrupted,neg
disrupting,neg
disruption,neg
disruptions,neg
disruptive,neg
disrupts,neg
dissatisfaction,neg
dissatisfied,neg
dissent,neg
dissented,neg
dissenter,neg
dissenters,neg
dissenting,neg
dissents,neg
dissident,neg
dissidents,neg
dissolution,neg
dissolutions,neg
distinction,pos
distinctions,pos
distinctive,pos
distinctively,pos
distinctiveness,pos
distort,neg
distorted,neg
distorting,neg
distortion,neg
distortions,neg
distorts,neg
distract,neg
distracted,neg
distracting,neg
distraction,neg
distractions,neg
distracts,neg
distress,neg
distressed,neg
disturb,neg
disturbance,neg
disturbances,neg
disturbed,neg
disturbing,neg
disturbs,neg
diversion,neg
divert,neg
diverted,neg
diverting,neg
diverts,neg
divest,neg
divested,neg
divesting,neg
divestiture,neg
divestitures,neg
divestment,neg
divestments,neg
divests,neg
divorce,neg
divorced,neg
divulge,neg
divulged,neg
divulges,neg
divulging,neg
doubt,neg
doubted,neg
doubtful,neg
doubts,neg
downgrade,neg
downgraded,neg
downgrades,neg
downgrading,neg
downsize,neg
downsized,neg
downsizes,neg
downsizing,neg
downsizings,neg
downtime,neg
downtimes,neg
downturn,neg
downturns,neg
downward,neg
downwards,neg
drag,neg
drastic,neg
drastically,neg
drawback,neg
drawbacks,neg
dream,pos
dropped,neg
drought,neg
droughts,neg
duress,neg
dysfunction,neg
dysfunctional,neg
dysfunctions,neg
easier,pos
easily,pos
easy,pos
efficiencies,pos
efficiency,pos
efficient,pos
efficiently,pos
egregious,neg
egregiously,neg
embargo,neg
embargoed,neg
embargoes,neg
embargoing,neg
embarrass,neg
embarrassed,neg
embarrasses,neg
embarrassing,neg
embarrassment,neg
embarrassments,neg
embezzle,neg
embezzled,neg
embezzlement,neg
embezzlements,neg
embezzler,neg
embezzles,neg
embezzling,neg
empower,pos
empowered,pos
empowering,pos
empowers,pos
enable,pos
enabled,pos
enables,pos
enabling,pos
encouraged,pos
encouragement,pos
encourages,pos
encouraging,pos
encroach,neg
encroached,neg
encroaches,neg
encroaching,neg
encroachment,neg
encroachments,neg
encumber,neg
encumbered,neg
encumbering,neg
encumbers,neg
encumbrance,neg
encumbrances,neg
endanger,neg
endangered,neg
endangering,neg
endangerment,neg
endangers,neg
enhance,pos
enhanced,pos
enhancement,pos
enhancements,pos
enhances,pos
enhancing,pos
enjoin,neg
enjoined,neg
enjoining,neg
enjoins,neg
enjoy,pos
enjoyable,pos
enjoyably,pos
enjoyed,pos
enjoying,pos
enjoyment,pos
enjoys,pos
enthusiasm,pos
enthusiastic,pos
enthusiastically,pos
erode,neg
eroded,neg
erodes,neg
eroding,neg
erosion,neg
erratic,neg
erratically,neg
erred,neg
erring,neg
erroneous,neg
erroneously,neg
error,neg
errors,neg
errs,neg
escalate,neg
escalated,neg
escalates,neg
escalating,neg
evade,neg
evaded,neg
evades,neg
evading,neg
evasion,neg
evasions,neg
evasive,neg
evict,neg
evicted,neg
evicting,neg
eviction,neg
evictions,neg
evicts,neg
exacerbate,neg
exacerbated,neg
exacerbates,neg
exacerbating,neg
exacerbation,neg
exacerbations,neg
exaggerate,neg
exaggerated,neg
exaggerates,neg
exaggerating,neg
exaggeration,neg
excellence,pos
excellent,pos
excelling,pos
excels,pos
exceptional,pos
exceptionally,pos
excessive,neg
excessively,neg
excited,pos
excitement,pos
exciting,pos
exclusive,pos
exclusively,pos
exclusiveness,pos
exclusives,pos
exclusivity,pos
exculpate,neg
exculpated,neg
exculpates,neg
exculpating,neg
exculpation,neg
exculpations,neg
exculpatory,neg
exemplary,pos
exonerate,neg
exonerated,neg
exonerates,neg
exonerating,neg
exoneration,neg
exonerations,neg
exploit,neg
exploitation,neg
exploitations,neg
exploitative,neg
exploited,neg
exploiting,neg
exploits,neg
expose,neg
exposed,neg
exposes,neg
exposing,neg
expropriate,neg
expropriated,neg
expropriates,neg
expropriating,neg
expropriation,neg
expropriations,neg
expulsion,neg
expulsions,neg
extenuating,neg
fail,neg
failed,neg
failing,neg
failings,neg
fails,neg
failure,neg
failures,neg
fallout,neg
false,neg
falsely,neg
falsification,neg
falsifications,neg
falsified,neg
falsifies,neg
falsify,neg
falsifying,neg
falsity,neg
fantastic,pos
fatalities,neg
fatality,neg
fatally,neg
fault,neg
faulted,neg
faults,neg
faulty,neg
favorable,pos
favorably,pos
favored,pos
favoring,pos
favorite,pos
favorites,pos
fear,neg
fears,neg
felonies,neg
felonious,neg
felony,neg
fictitious,neg
fined,neg
fines,neg
fired,neg
firing,neg
flaw,neg
flawed,neg
flaws,neg
forbid,neg
forbidden,neg
forbidding,neg
forbids,neg
forced,neg
forcing,neg
foreclose,neg
foreclosed,neg
forecloses,neg
foreclosing,neg
foreclosure,neg
foreclosures,neg
forego,neg
foregoes,neg
foregone,neg
forestall,neg
forestalled,neg
forestalling,neg
forestalls,neg
forfeit,neg
forfeited,neg
forfeiting,neg
forfeits,neg
forfeiture,neg
forfeitures,neg
forgers,neg
forgery,neg
fraud,neg
frauds,neg
fraudulence,neg
fraudulent,neg
fraudulently,neg
friendly,pos
frivolous,neg
frivolously,neg
frustrate,neg
frustrated,neg
frustrates,neg
frustrating,neg
frustratingly,neg
frustration,neg
frustrations,neg
fugitives,neg
gain,pos
gained,pos
gaining,pos
gains,pos
good,pos
gratuitous,neg
gratuitously,neg
greatest,pos
greatly,pos
greatness,pos
grievance,neg
grievances,neg
grossly,neg
groundless,neg
guilty,neg
halt,neg
halted,neg
hamper,neg
hampered,neg
hampering,neg
hampers,neg
happiest,pos
happily,pos
happiness,pos
happy,pos
harass,neg
harassed,neg
harassing,neg
harassment,neg
hardship,neg
hardships,neg
harm,neg
harmed,neg
harmful,neg
harmfully,neg
harming,neg
harms,neg
harsh,neg
harsher,neg
harshest,neg
harshly,neg
harshness,neg
hazard,neg
hazardous,neg
hazards,neg
highest,pos
hinder,neg
hindered,neg
hindering,neg
hinders,neg
hindrance,neg
hindrances,neg
honor,pos
honored,pos
honoring,pos
honors,pos
hostile,neg
hostility,neg
hurt,neg
hurting,neg
ideal,pos
idle,neg
idled,neg
idling,neg
ignore,neg
ignored,neg
ignores,neg
ignoring,neg
ill,neg
illegal,neg
illegalities,neg
illegality,neg
illegally,neg
illegible,neg
illicit,neg
illicitly,neg
illiquid,neg
illiquidity,neg
imbalance,neg
imbalances,neg
immature,neg
immoral,neg
impair,neg
impaired,neg
impairing,neg
impairment,neg
impairments,neg
impairs,neg
impasse,neg
impasses,neg
impede,neg
impeded,neg
impedes,neg
impediment,neg
impediments,neg
impeding,neg
impending,neg
imperative,neg
imperfection,neg
imperfections,neg
imperil,neg
impermissible,neg
implicate,neg
implicated,neg
implicates,neg
implicating,neg
impossibility,neg
impossible,neg
impound,neg
impounded,neg
impounding,neg
impounds,neg
impracticable,neg
impractical,neg
impracticalities,neg
impracticality,neg
impress,pos
impressed,pos
impresses,pos
impressing,pos
impressive,pos
impressively,pos
imprisonment,neg
improper,neg
improperly,neg
improprieties,neg
impropriety,neg
improve,pos
improved,pos
improvement,pos
improvements,pos
improves,pos
improving,pos
imprudent,neg
imprudently,neg
inability,neg
inaccessible,neg
inaccuracies,neg
inaccuracy,neg
inaccurate,neg
inaccurately,neg
inaction,neg
inactions,neg
inactivate,neg
inactivated,neg
inactivates,neg
inactivating,neg
inactivation,neg
inactivations,neg
inactivity,neg
inadequacies,neg
inadequacy,neg
inadequate,neg
inadequately,neg
inadvertent,neg
inadvertently,neg
inadvisability,neg
inadvisable,neg
inappropriate,neg
inappropriately,neg
inattention,neg
incapable,neg
incapacitated,neg
incapacity,neg
incarcerate,neg
incarcerated,neg
incarcerates,neg
incarcerating,neg
incarceration,neg
incarcerations,neg
incidence,neg
incidences,neg
incident,neg
incidents,neg
incompatibilities,neg
incompatibility,neg
incompatible,neg
incompetence,neg
incompetency,neg
incompetent,neg
incompetently,neg
incompetents,neg
incomplete,neg
incompletely,neg
incompleteness,neg
inconclusive,neg
inconsistencies,neg
inconsistency,neg
inconsistent,neg
inconsistently,neg
inconvenience,neg
inconveniences,neg
inconvenient,neg
incorrect,neg
incorrectly,neg
incorrectness,neg
incredible,pos
incredibly,pos
indecency,neg
indecent,neg
indefeasible,neg
indefeasibly,neg
indict,neg
indictable,neg
indicted,neg
indicting,neg
indictment,neg
indictments,neg
ineffective,neg
ineffectively,neg
ineffectiveness,neg
inefficiencies,neg
inefficiency,neg
inefficient,neg
inefficiently,neg
ineligibility,neg
ineligible,neg
inequitable,neg
inequitably,neg
inequities,neg
inequity,neg
inevitable,neg
inexperience,neg
inexperienced,neg
inferior,neg
inflicted,neg
influential,pos
informative,pos
infraction,neg
infractions,neg
infringe,neg
infringed,neg
infringement,neg
infringements,neg
infringes,neg
infringing,neg
ingenuity,pos
inhibited,neg
inimical,neg
injunction,neg
injunctions,neg
injure,neg
injured,neg
injures,neg
injuries,neg
injuring,neg
injurious,neg
injury,neg
innovate,pos
innovated,pos
innovates,pos
innovating,pos
innovation,pos
innovations,pos
innovative,pos
innovativeness,pos
innovator,pos
innovators,pos
inordinate,neg
inordinately,neg
inquiry,neg
insecure,neg
insensitive,neg
insightful,pos
insolvencies,neg
insolvency,neg
insolvent,neg
inspiration,pos
inspirational,pos
instability,neg
insubordination,neg
insufficiency,neg
insufficient,neg
insufficiently,neg
insurrection,neg
insurrections,neg
integrity,pos
intentional,neg
interfere,neg
interfered,neg
interference,neg
interferences,neg
interferes,neg
interfering,neg
intermittent,neg
intermittently,neg
interrupt,neg
interrupted,neg
interrupting,neg
interruption,neg
interruptions,neg
interrupts,neg
intimidation,neg
intrusion,neg
invalid,neg
invalidate,neg
invalidated,neg
invalidates,neg
invalidating,neg
invalidation,neg
invalidity,neg
invent,pos
invented,pos
inventing,pos
invention,pos
inventions,pos
inventive,pos
inventiveness,pos
inventor,pos
inventors,pos
investigate,neg
investigated,neg
investigates,neg
investigating,neg
investigation,neg
investigations,neg
involuntarily,neg
involuntary,neg
irreconcilable,neg
irreconcilably,neg
irrecoverable,neg
irrecoverably,neg
irregular,neg
irregularities,neg
irregularity,neg
irregularly,neg
irreparable,neg
irreparably,neg
irreversible,neg
jeopardize,neg
jeopardized,neg
justifiable,neg
kickback,neg
kickbacks,neg
knowingly,neg
lack,neg
lacked,neg
lacking,neg
lackluster,neg
lacks,neg
lag,neg
lagged,neg
lagging,neg
lags,neg
lapse,neg
lapsed,neg
lapses,neg
lapsing,neg
laundering,neg
layoff,neg
layoffs,neg
leadership,pos
leading,pos
lie,neg
limitation,neg
limitations,neg
lingering,neg
liquidate,neg
liquidated,neg
liquidates,neg
liquidating,neg
liquidation,neg
liquidations,neg
liquidator,neg
liquidators,neg
litigant,neg
litigants,neg
litigate,neg
litigated,neg
litigates,neg
litigating,neg
litigation,neg
litigations,neg
lockout,neg
lockouts,neg
lose,neg
loses,neg
losing,neg
loss,neg
losses,neg
lost,neg
loyal,pos
lucrative,pos
lying,neg
malfeasance,neg
malfunction,neg
malfunctioned,neg
malfunctioning,neg
malfunctions,neg
malice,neg
malicious,neg
maliciously,neg
malpractice,neg
manipulate,neg
manipulated,neg
manipulates,neg
manipulating,neg
manipulation,neg
manipulations,neg
manipulative,neg
markdown,neg
markdowns,neg
meritorious,pos
misapplication,neg
misapplications,neg
misapplied,neg
misapplies,neg
misapply,neg
misapplying,neg
misappropriate,neg
misappropriated,neg
misappropriates,neg
misappropriating,neg
misappropriation,neg
misappropriations,neg
misbranded,neg
miscalculate,neg
miscalculated,neg
miscalculates,neg
miscalculating,neg
miscalculation,neg
miscalculations,neg
mischaracterization,neg
mischief,neg
misclassification,neg
misclassifications,neg
misclassified,neg
misclassify,neg
miscommunication,neg
misconduct,neg
misdated,neg
misdemeanor,neg
misdemeanors,neg
misdirected,neg
mishandle,neg
mishandled,neg
mishandles,neg
mishandling,neg
misinform,neg
misinformation,neg
misinformed,neg
misinforming,neg
misinforms,neg
misinterpret,neg
misinterpretation,neg
misinterpretations,neg
misinterpreted,neg
misinterpreting,neg
misinterprets,neg
misjudge,neg
misjudged,neg
misjudges,neg
misjudging,neg
misjudgment,neg
misjudgments,neg
mislabel,neg
mislabeled,neg
mislabeling,neg
mislabelled,neg
mislabels,neg
mislead,neg
misleading,neg
misleadingly,neg
misleads,neg
misled,neg
mismanage,neg
mismanaged,neg
mismanagement,neg
mismanages,neg
mismanaging,neg
mismatch,neg
mismatched,neg
mismatches,neg
mismatching,neg
misplaced,neg
misprice,neg
mispricing,neg
mispricings,neg
misrepresent,neg
misrepresentation,neg
misrepresentations,neg
misrepresented,neg
misrepresenting,neg
misrepresents,neg
miss,neg
missed,neg
misses,neg
misstate,neg
misstated,neg
misstatement,neg
misstatements,neg
misstates,neg
misstating,neg
misstep,neg
missteps,neg
mistake,neg
mistaken,neg
mistakenly,neg
mistakes,neg
mistaking,neg
mistrial,neg
mistrials,neg
misunderstand,neg
misunderstanding,neg
misunderstandings,neg
misunderstood,neg
misuse,neg
misused,neg
misuses,neg
misusing,neg
monopolistic,neg
monopolists,neg
monopolization,neg
monopolize,neg
monopolized,neg
monopolizes,neg
monopolizing,neg
monopoly,neg
moratoria,neg
moratorium,neg
moratoriums,neg
mothballed,neg
mothballing,neg
negative,neg
negatively,neg
negatives,neg
neglect,neg
neglected,neg
neglectful,neg
neglecting,neg
neglects,neg
negligence,neg
negligences,neg
negligent,neg
negligently,neg
nonattainment,neg
noncompetitive,neg
noncompliance,neg
noncompliances,neg
noncompliant,neg
noncomplying,neg
nonconforming,neg
nonconformities,neg
nonconformity,neg
nondisclosure,neg
nonfunctional,neg
nonpayment,neg
nonpayments,neg
nonperformance,neg
nonperformances,neg
nonperforming,neg
nonproducing,neg
nonproductive,neg
nonrecoverable,neg
nonrenewal,neg
nuisance,neg
nuisances,neg
nullification,neg
nullifications,neg
nullified,neg
nullifies,neg
nullify,neg
nullifying,neg
objected,neg
objecting,neg
objection,neg
objectionable,neg
objectionably,neg
objections,neg
obscene,neg
obscenity,neg
obsolescence,neg
obsolete,neg
obstacle,neg
obstacles,neg
obstruct,neg
obstructed,neg
obstructing,neg
obstruction,neg
obstructions,neg
offence,neg
offences,neg
offend,neg
offended,neg
offender,neg
offenders,neg
offending,neg
offends,neg
omission,neg
omissions,neg
omit,neg
omits,neg
omitted,neg
omitting,neg
onerous,neg
opportunistic,neg
opportunistically,neg
opportunities,pos
opportunity,pos
oppose,neg
opposed,neg
opposes,neg
opposing,neg
opposition,neg
oppositions,neg
optimistic,pos
outage,neg
outages,neg
outdated,neg
outmoded,neg
outperform,pos
outperformed,pos
outperforming,pos
outperforms,pos
overage,neg
overages,neg
overbuild,neg
overbuilding,neg
overbuilds,neg
overbuilt,neg
overburden,neg
overburdened,neg
overburdening,neg
overcapacities,neg
overcapacity,neg
overcharge,neg
overcharged,neg
overcharges,neg
overcharging,neg
overcome,neg
overcomes,neg
overcoming,neg
overdue,neg
overestimate,neg
overestimated,neg
overestimates,neg
overestimating,neg
overestimation,neg
overestimations,neg
overload,neg
overloaded,neg
overloading,neg
overloads,neg
overlook,neg
overlooked,neg
overlooking,neg
overlooks,neg
overpaid,neg
overpayment,neg
overpayments,neg
overproduced,neg
overproduces,neg
overproducing,neg
overproduction,neg
overrun,neg
overrunning,neg
overruns,neg
overshadow,neg
overshadowed,neg
overshadowing,neg
overshadows,neg
overstate,neg
overstated,neg
overstatement,neg
overstatements,neg
overstates,neg
overstating,neg
oversupplied,neg
oversupplies,neg
oversupply,neg
oversupplying,neg
overtly,neg
overturn,neg
overturned,neg
overturning,neg
overturns,neg
overvalue,neg
overvalued,neg
overvaluing,neg
panic,neg
panics,neg
penalize,neg
penalized,neg
penalizes,neg
penalizing,neg
penalties,neg
penalty,neg
perfect,pos
perfected,pos
perfectly,pos
perfects,pos
peril,neg
perils,neg
perjury,neg
perpetrate,neg
perpetrated,neg
perpetrates,neg
perpetrating,neg
perpetration,neg
persist,neg
persisted,neg
persistence,neg
persistent,neg
persistently,neg
persisting,neg
persists,neg
pervasive,neg
pervasively,neg
pervasiveness,neg
petty,neg
picket,neg
picketed,neg
picketing,neg
plaintiff,neg
plaintiffs,neg
plea,neg
plead,neg
pleaded,neg
pleading,neg
pleadings,neg
pleads,neg
pleas,neg
pleasant,pos
pleasantly,pos
pleased,pos
pleasure,pos
pled,neg
plentiful,pos
poor,neg
poorly,neg
popular,pos
popularity,pos
poses,neg
posing,neg
positive,pos
positively,pos
postpone,neg
postponed,neg
postponement,neg
postponements,neg
postpones,neg
postponing,neg
precipitated,neg
precipitous,neg
precipitously,neg
preclude,neg
precluded,neg
precludes,neg
precluding,neg
predatory,neg
preeminence,pos
preeminent,pos
prejudice,neg
prejudiced,neg
prejudices,neg
prejudicial,neg
prejudicing,neg
premature,neg
prematurely,neg
premier,pos
premiere,pos
pressing,neg
prestige,pos
prestigious,pos
pretrial,neg
preventing,neg
prevention,neg
prevents,neg
proactive,pos
proactively,pos
problem,neg
problematic,neg
problematical,neg
problems,neg
proficiency,pos
proficient,pos
proficiently,pos
profitability,pos
profitable,pos
profitably,pos
progress,pos
progressed,pos
progresses,pos
progressing,pos
prolong,neg
prolongation,neg
prolongations,neg
prolonged,neg
prolonging,neg
prolongs,neg
prone,neg
prosecute,neg
prosecuted,neg
prosecutes,neg
prosecuting,neg
prosecution,neg
prosecutions,neg
prospered,pos
prospering,pos
prosperity,pos
prosperous,pos
prospers,pos
protest,neg
protested,neg
protester,neg
protesters,neg
protesting,neg
protestor,neg
protestors,neg
protests,neg
protracted,neg
protraction,neg
provoke,neg
provoked,neg
provokes,neg
provoking,neg
punished,neg
punishes,neg
punishing,neg
punishment,neg
punishments,neg
punitive,neg
purport,neg
purported,neg
purportedly,neg
purporting,neg
purports,neg
question,neg
questionable,neg
questionably,neg
questioned,neg
questioning,neg
questions,neg
quit,neg
quitting,neg
racketeer,neg
racketeering,neg
rationalization,neg
rationalizations,neg
rationalize,neg
rationalized,neg
rationalizes,neg
rationalizing,neg
reassessment,neg
reassessments,neg
reassign,neg
reassigned,neg
reassigning,neg
reassignment,neg
reassignments,neg
reassigns,neg
rebound,pos
rebounded,pos
rebounding,pos
recall,neg
recalled,neg
recalling,neg
recalls,neg
receptive,pos
recessionary,neg
recessions,neg
reckless,neg
recklessly,neg
recklessness,neg
redact,neg
redacted,neg
redacting,neg
redaction,neg
redactions,neg
redefault,neg
redefaulted,neg
redefaults,neg
redress,neg
redressed,neg
redresses,neg
redressing,neg
refusal,neg
refusals,neg
refuse,neg
refused,neg
refuses,neg
refusing,neg
regain,pos
regained,pos
regaining,pos
reject,neg
rejected,neg
rejecting,neg
rejection,neg
rejections,neg
rejects,neg
relinquish,neg
relinquished,neg
relinquishes,neg
relinquishing,neg
relinquishment,neg
relinquishments,neg
reluctance,neg
reluctant,neg
renegotiate,neg
renegotiated,neg
renegotiates,neg
renegotiating,neg
renegotiation,neg
renegotiations,neg
renounce,neg
renounced,neg
renouncement,neg
renouncements,neg
renounces,neg
renouncing,neg
reparation,neg
reparations,neg
repossessed,neg
repossesses,neg
repossessing,neg
repossession,neg
repossessions,neg
repudiate,neg
repudiated,neg
repudiates,neg
repudiating,neg
repudiation,neg
repudiations,neg
resign,neg
resignation,neg
resignations,neg
resigned,neg
resigning,neg
resigns,neg
resolve,pos
restate,neg
restated,neg
restatement,neg
restatements,neg
restates,neg
restating,neg
restructure,neg
restructured,neg
restructures,neg
restructuring,neg
restructurings,neg
retaliate,neg
retaliated,neg
retaliates,neg
retaliating,neg
retaliation,neg
retaliations,neg
retaliatory,neg
retribution,neg
retributions,neg
revocation,neg
revocations,neg
revoke,neg
revoked,neg
revokes,neg
revoking,neg
revolutionize,pos
revolutionized,pos
revolutionizes,pos
revolutionizing,pos
reward,pos
rewarded,pos
rewarding,pos
ridicule,neg
ridiculed,neg
ridicules,neg
ridiculing,neg
riskier,neg
riskiest,neg
risky,neg
sabotage,neg
sacrifice,neg
sacrificed,neg
sacrifices,neg
sacrificial,neg
sacrificing,neg
satisfaction,pos
satisfactorily,pos
satisfactory,pos
satisfied,pos
satisfies,pos
satisfy,pos
satisfying,pos
scandalous,neg
scandals,neg
scrutinize,neg
scrutinized,neg
scrutinizes,neg
scrutinizing,neg
scrutiny,neg
seize,neg
seized,neg
seizes,neg
seizing,neg
sentenced,neg
sentencing,neg
serious,neg
seriously,neg
seriousness,neg
setback,neg
setbacks,neg
sever,neg
severe,neg
severed,neg
severely,neg
severities,neg
severity,neg
sharply,neg
shocked,neg
shortage,neg
shortages,neg
shortfall,neg
shortfalls,neg
shrinkage,neg
shrinkages,neg
shut,neg
shutdown,neg
shutdowns,neg
shuts,neg
shutting,neg
slander,neg
slandered,neg
slanderous,neg
slanders,neg
slippage,neg
slippages,neg
slow,neg
slowdown,neg
slowdowns,neg
slowed,neg
slower,neg
slowest,neg
slowing,neg
slowly,neg
slowness,neg
sluggishly,neg
sluggishness,neg
smooth,pos
smoothing,pos
smoothly,pos
smooths,pos
solvencies,neg
solvency,neg
solves,pos
solving,pos
spam,neg
spammers,neg
spamming,neg
spectacular,pos
spectacularly,pos
stability,pos
stabilization,pos
stabilizations,pos
stabilize,pos
stabilized,pos
stabilizes,pos
stabilizing,pos
stable,pos
staggering,neg
stagnant,neg
stagnate,neg
stagnated,neg
stagnates,neg
stagnating,neg
stagnation,neg
standstill,neg
standstills,neg
stolen,neg
stoppage,neg
stoppages,neg
stopped,neg
stopping,neg
stops,neg
strain,neg
strained,neg
straining,neg
strains,neg
strength,pos
strengthen,pos
strengthened,pos
strengthening,pos
strengthens,pos
strengths,pos
stress,neg
stressed,neg
stresses,neg
stressful,neg
stressing,neg
stringent,neg
strong,pos
stronger,pos
strongest,pos
subjected,neg
subjecting,neg
subjection,neg
subpoena,neg
subpoenaed,neg
subpoenas,neg
substandard,neg
succeed,pos
succeeded,pos
succeeding,pos
succeeds,pos
success,pos
successes,pos
successful,pos
successfully,pos
sue,neg
sued,neg
sues,neg
suffer,neg
suffered,neg
suffering,neg
suffers,neg
suing,neg
summoned,neg
summoning,neg
summons,neg
summonses,neg
superior,pos
surpass,pos
surpassed,pos
surpasses,pos
surpassing,pos
susceptibility,neg
susceptible,neg
suspect,neg
suspected,neg
suspects,neg
suspend,neg
suspended,neg
suspending,neg
suspends,neg
suspension,neg
suspensions,neg
suspicion,neg
suspicions,neg
suspicious,neg
suspiciously,neg
taint,neg
tainted,neg
tainting,neg
taints,neg
tampered,neg
tense,neg
terminate,neg
terminated,neg
terminates,neg
terminating,neg
termination,neg
terminations,neg
testify,neg
testifying,neg
threat,neg
threaten,neg
threatened,neg
threatening,neg
threatens,neg
threats,neg
tolerate,neg
tolerated,neg
tolerates,neg
tolerating,neg
toleration,neg
tortuous,neg
tortuously,neg
tragedies,neg
tragedy,neg
tragic,neg
tragically,neg
transparency,pos
traumatic,neg
tremendous,pos
tremendously,pos
trouble,neg
troubled,neg
troubles,neg
turbulence,neg
turmoil,neg
unable,neg
unacceptable,neg
unacceptably,neg
unaccounted,neg
unannounced,neg
unanticipated,neg
unapproved,neg
unattractive,neg
unauthorized,neg
unavailability,neg
unavailable,neg
unavoidable,neg
unavoidably,neg
unaware,neg
uncollectable,neg
uncollected,neg
uncollectibility,neg
uncollectible,neg
uncollectibles,neg
uncompetitive,neg
uncompleted,neg
unconscionable,neg
unconscionably,neg
uncontrollable,neg
uncontrollably,neg
uncontrolled,neg
uncorrected,neg
uncover,neg
uncovered,neg
uncovering,neg
uncovers,neg
undeliverable,neg
undelivered,neg
undercapitalized,neg
undercut,neg
undercuts,neg
undercutting,neg
underestimate,neg
underestimated,neg
underestimates,neg
underestimating,neg
underestimation,neg
underfunded,neg
underinsured,neg
undermine,neg
undermined,neg
undermines,neg
undermining,neg
underpaid,neg
underpayment,neg
underpayments,neg
underpays,neg
underperform,neg
underperformance,neg
underperformed,neg
underperforming,neg
underperforms,neg
underproduced,neg
underproduction,neg
underreporting,neg
understate,neg
understated,neg
understatement,neg
understatements,neg
understates,neg
understating,neg
underutilization,neg
underutilized,neg
undesirable,neg
undesired,neg
undetected,neg
undetermined,neg
undisclosed,neg
undocumented,neg
undue,neg
unduly,neg
uneconomic,neg
uneconomical,neg
uneconomically,neg
unethical,neg
unethically,neg
unexcused,neg
unexpected,neg
unexpectedly,neg
unfair,neg
unfairly,neg
unfavorability,neg
unfavorable,neg
unfavorably,neg
unfavourable,neg
unfeasible,neg
unfit,neg
unfitness,neg
unforeseeable,neg
unforseen,neg
unfortunate,neg
unfortunately,neg
unfounded,neg
unfriendly,neg
unfulfilled,neg
unfunded,neg
uninsured,neg
unintended,neg
unintentional,neg
unintentionally,neg
unjust,neg
unjustifiable,neg
unjustifiably,neg
unjustified,neg
unjustly,neg
unknowing,neg
unknowingly,neg
unlawful,neg
unlawfully,neg
unlicensed,neg
unliquidated,neg
unmarketable,neg
unmatched,pos
unmerchantable,neg
unmeritorious,neg
unnecessarily,neg
unnecessary,neg
unneeded,neg
unobtainable,neg
unoccupied,neg
unpaid,neg
unparalleled,pos
unperformed,neg
unplanned,neg
unpopular,neg
unpredictability,neg
unpredictable,neg
unpredictably,neg
unpredicted,neg
unproductive,neg
unprofitability,neg
unprofitable,neg
unqualified,neg
unrealistic,neg
unreasonable,neg
unreasonableness,neg
unreasonably,neg
unreceptive,neg
unrecoverable,neg
unrecovered,neg
unreimbursed,neg
unreliable,neg
unremedied,neg
unreported,neg
unresolved,neg
unrest,neg
unsafe,neg
unsalable,neg
unsaleable,neg
unsatisfactory,neg
unsatisfied,neg
unsavory,neg
unscheduled,neg
unsellable,neg
unsold,neg
unsound,neg
unstabilized,neg
unstable,neg
unsubstantiated,neg
unsuccessful,neg
unsuccessfully,neg
unsuitability,neg
unsuitable,neg
unsuitably,neg
unsuited,neg
unsure,neg
unsurpassed,pos
unsuspected,neg
unsuspecting,neg
unsustainable,neg
untenable,neg
untimely,neg
untrusted,neg
untruth,neg
untruthful,neg
untruthfully,neg
untruthfulness,neg
untruths,neg
unusable,neg
unwanted,neg
unwarranted,neg
unwelcome,neg
unwilling,neg
unwillingness,neg
upset,neg
upturn,pos
upturns,pos
urgency,neg
urgent,neg
usurious,neg
usurp,neg
usurped,neg
usurping,neg
usurps,neg
usury,neg
valuable,pos
vandalism,neg
verdict,neg
verdicts,neg
versatile,pos
versatility,pos
vetoed,neg
vibrancy,pos
vibrant,pos
victims,neg
violate,neg
violated,neg
violates,neg
violating,neg
violation,neg
violations,neg
violative,neg
violator,neg
violators,neg
violence,neg
violent,neg
violently,neg
vitiate,neg
vitiated,neg
vitiates,neg
vitiating,neg
vitiation,neg
voided,neg
voiding,neg
volatile,neg
volatility,neg
vulnerabilities,neg
vulnerability,neg
vulnerable,neg
vulnerably,neg
warn,neg
warned,neg
warning,neg
warnings,neg
warns,neg
wasted,neg
wasteful,neg
wasting,neg
weak,neg
weaken,neg
weakened,neg
weakening,neg
weakens,neg
weaker,neg
weakest,neg
weakly,neg
weakness,neg
weaknesses,neg
willfully,neg
win,pos
winner,pos
winners,pos
winning,pos
worries,neg
worry,neg
worrying,neg
worse,neg
worsen,neg
worsened,neg
worsening,neg
worsens,neg
worst,neg
worthless,neg
worthy,pos
writedown,neg
writedowns,neg
writeoff,neg
writeoffs,neg
wrong,neg
wrongdoing,neg
wrongdoings,neg
wrongful,neg
wrongfully,neg
wrongly,neg
tightening,neg
tighten,neg
tightened,neg
easing,pos
ease,pos
eased,pos
accommodative,pos
restrictive,neg
headwinds,neg
tailwinds,pos
sluggish,neg
resilient,pos
buoyant,pos
deterioration,neg
deteriorated,neg
booms,pos
boomed,pos
