date,gz_spread,ebp,est_prob
1973-01-01,1.1307714053429057,-0.04396418995865114,0.18983968906469517
1973-02-01,1.075493276125443,-0.05549421725012848,0.1859762731949745
1973-03-01,1.0299678416836435,-0.1476055222404391,0.1568858617718203
1973-04-01,0.9827458103604768,-0.2083299956448339,0.1394408127281399
1973-05-01,1.0464935117518377,-0.084054425949742,0.1766183599243545
1973-06-01,1.185925775964177,0.03536008327163253,0.21773450743639283
1973-07-01,0.9810549739577188,-0.34391691048979645,0.10539363058576837
1973-08-01,0.9777605050840716,-0.2153658426835092,0.13750834440831186
1973-09-01,0.8188236781169651,-0.3548735058922481,0.1029311108461238
1973-10-01,1.273250254171703,0.11766714908833498,0.2490320349079361
1973-11-01,1.3537449558224253,0.05318365330759445,0.2243128775413645
1973-12-01,1.295969416847959,-0.00751429150278615,0.2023741909751895
1974-01-01,1.1784210232542267,-0.03999232504312045,0.191181905684723
1974-02-01,1.3067144792396042,0.160977346702337,0.2664144416914622
1974-03-01,1.220038714401003,-0.09882872188104286,0.1718964549592803
1974-04-01,1.2539698576113811,0.09033891424769536,0.2383826449593159
1974-05-01,1.3012385977617122,0.0986378033995452,0.24158998175318255
1974-06-01,1.9017877205835212,0.7560908054674562,0.5462457137174949
1974-07-01,2.568696915547139,1.2661154128202712,0.7734539659850985
1974-08-01,2.1264243722076457,0.9416695679760498,0.6356677417238251
1974-09-01,2.381902491150801,1.0005275288068445,0.6627856773237412
1974-10-01,2.5524795103497766,1.114639083083903,0.712923943478809
1974-11-01,2.356853811556149,1.0891899355796986,0.7020505765315211
1974-12-01,2.661212477979876,1.223093915199278,0.75703087241629885
1975-01-01,1.7337713333806513,0.3909217458655174,0.367751303156721
1975-02-01,1.649526368358294,0.4124617556276051,0.3778868670662778
1975-03-01,1.8961250416029105,0.6033036438284916,0.4705962720311516
1975-04-01,1.5567123308218438,0.23746441984581537,0.29854116323607516
1975-05-01,1.606921254453593,0.3619075756003316,0.3542442375931828
1975-06-01,1.461922207470538,0.25584985473961686,0.3065184650080077
1975-07-01,1.4884824580177884,0.38453144340999224,0.36476163961818053
1975-08-01,1.300847928813233,0.1272497887368471,0.2528253086992674
1975-09-01,1.4186685311342824,0.302909578589158,0.3273522706431204
1975-10-01,1.3607284327062037,0.11368167705562128,0.24746335424359717
1975-11-01,1.329823154039846,0.18326151243156577,0.2755913840205849
1975-12-01,1.2541786335635057,-0.03712580046448366,0.19215419876852044
1976-01-01,0.9979908878131896,-0.16371467927198757,0.15212382460979
1976-02-01,1.0617339891598505,-0.08221196970484712,0.17721291333193995
1976-03-01,1.011120581271097,-0.12397833320138196,0.1640458575128669
1976-04-01,1.0521076518505803,-0.06619432529883662,0.18243489088974207
1976-05-01,1.0237351420087335,-0.1260150564712086,0.16342042600192583
1976-06-01,1.0197788832302777,-0.05261032956081135,0.18693798880856824
1976-07-01,0.9837099912897176,-0.0912720581284704,0.17430142659367537
1976-08-01,0.9120648551648856,-0.17152825090695056,0.14984898414697392
1976-09-01,0.8550532640032931,-0.20867846861085004,0.1393446683473873
1976-10-01,0.9219118941699904,-0.14597075513772673,0.15737453957141423
1976-11-01,0.8555867249993262,-0.37440583359801816,0.09864534488007544
1976-12-01,1.1083337127370156,-0.04531975497958918,0.18938293093786784
1977-01-01,0.9877198594648672,-0.33480095929693454,0.10747471554717816
1977-02-01,0.9379016261616826,-0.20850434514301597,0.13939270371754178
1977-03-01,0.9231957678701688,-0.17687154079574385,0.1483064701405785
1977-04-01,0.8633616214622896,-0.245730081442754,0.12937874017365383
1977-05-01,0.8099849739276472,-0.2495438320369585,0.12838170790962458
1977-06-01,0.8512871905637213,-0.26116555592399193,0.12537637489223957
1977-07-01,0.8767822191117481,-0.17945196638872007,0.14756536329898784
1977-08-01,0.9251361350888264,-0.18875340048208655,0.14491457731817925
1977-09-01,0.9449811605505964,-0.1378596844959291,0.1598139486699771
1977-10-01,0.9310095841986334,-0.1528118642918539,0.15533619991333034
1977-11-01,0.9339801709741394,-0.1361576721115606,0.16032895315791523
1977-12-01,0.7853049470875838,-0.3383396523899035,0.10666337589564548
1978-01-01,0.7587030375251503,-0.3364722638211638,0.10709097187782776
1978-02-01,0.7141317271766402,-0.34174793522984614,0.10588612445062036
1978-03-01,0.7198637386015848,-0.33935427659542017,0.10643156382576052
1978-04-01,0.7353117681645004,-0.28722355392074184,0.11881734031750472
1978-05-01,0.7776714269052935,-0.24803000275896311,0.12877682935594287
1978-06-01,0.6222007182807374,-0.45966337844885174,0.08146187065731092
1978-07-01,0.6187085690170846,-0.3736015229531008,0.09881920692750935
1978-08-01,0.5981373777490661,-0.3981356695077445,0.09361613377064078
1978-09-01,0.6381015099065186,-0.32168922137469436,0.110519686926486
1978-10-01,0.5641497987359325,-0.49664082026893874,0.07475312183057178
1978-11-01,0.6759448970423942,-0.23904789181861671,0.1311385812806549
1978-12-01,0.6532541104105585,-0.37951564572808905,0.09754602089820669
1979-01-01,0.702604369050579,-0.25345836483564566,0.1273638886099655
1979-02-01,0.6671887115386741,-0.31489012290863716,0.11212278870493164
1979-03-01,0.658788911062305,-0.17365475533726393,0.1492338224802719
1979-04-01,0.6687966878187225,-0.2100203750269194,0.13897485501603782
1979-05-01,0.7217913940558555,-0.24240176313275263,0.13025323962793464
1979-06-01,0.7660561848487495,-0.15023195713083115,0.15610283939383734
1979-07-01,0.6711907137257954,-0.2412738316555335,0.1305505238194848
1979-08-01,0.6016968629727698,-0.3242314072482141,0.1099245269756892
1979-09-01,0.7589592705917176,-0.08570606523065327,0.1760864559165627
1979-10-01,0.8097016210920253,-0.631678446690256,0.05379031776233035
1979-11-01,0.9268355130497898,0.00540489930868315,0.20693305440648788
1979-12-01,0.9386543194854636,0.21651446803382143,0.28956808301830594
1980-01-01,0.8763089833017584,-0.01623925705583484,0.19932962738354565
1980-02-01,1.016067906224119,-0.3086309282975188,0.11361322384139086
1980-03-01,1.0779462855935016,0.3506918275416233,0.34907059978966093
1980-04-01,1.306321372138604,-0.31928438451258434,0.11108481444716568
1980-05-01,1.1979530040650532,0.1364702714203252,0.256503736270936
1980-06-01,1.204192091752856,0.002961040967973,0.20606604655888783
1980-07-01,1.2144844853760512,0.21961154545716263,0.29088658824832897
1980-08-01,1.0731475421908905,0.08220064983090136,0.23526016738148464
1980-09-01,1.0790368515085909,0.05363401402335932,0.2244805464137294
1980-10-01,0.947510899515386,-0.10565461254187992,0.16974236292997852
1980-11-01,1.0484299435797464,0.36304332571551456,0.3547696625788519
1980-12-01,1.201437964383504,0.1563804983282231,0.2645408113883526
1981-01-01,1.1489316395602571,0.4367839944901891,0.38943315591958794
1981-02-01,0.9982558088979854,0.19661128014928997,0.28116248384732323
1981-03-01,0.9991969633732846,0.06165327714211943,0.2274779932653336
1981-04-01,1.188618422246655,0.5654355219286121,0.4519046697109317
1981-05-01,1.251470971544342,0.4004993984432951,0.3722471416655031
1981-06-01,1.179596752082935,0.4880940965063024,0.41410206278109857
1981-07-01,1.1739456995586088,0.47093154234826407,0.4058076255840909
1981-08-01,1.08259468139171,0.3138774394787006,0.3322893294106417
1981-09-01,1.231564533964261,0.44475165587996746,0.39323746052066166
1981-10-01,1.3323218953955485,0.5631558823065196,0.45078242237877736
1981-11-01,1.4975239359945196,0.2514809692077715,0.3046143208828374
1981-12-01,1.479355817462738,0.5712749579767515,0.4547811073340384
1982-01-01,1.4852202076580372,0.7609384336587707,0.5486330428127024
1982-02-01,1.4846150833783112,0.5441444029448812,0.4414393934549031
1982-03-01,1.6644166899655897,0.9694728542122554,0.6485723731810584
1982-04-01,1.6758393723413882,0.8616952925056434,0.5977294888168402
1982-05-01,1.5496045516876424,0.785128169319146,0.5605178888653835
1982-06-01,1.5943758081493684,0.7680687287188088,0.5521413067892149
1982-07-01,1.6682357309260138,0.7019384999434491,0.5194832805201387
1982-08-01,1.7438944272751378,0.0026462887500116,0.20595453868079283
1982-09-01,1.6815517600909045,0.5060099851003352,0.4228015851594108
1982-10-01,1.8146040324535653,0.247427443072453,0.3028523444014104
1982-11-01,1.6023145384723847,0.5237472703432402,0.4314516461785235
1982-12-01,1.6205010021247692,0.6715397561039612,0.5044136137320963
1983-01-01,1.294266901043338,0.2870694491076222,0.3202751841472927
1983-02-01,1.366585027386851,0.2415947436193524,0.3003250424290619
1983-03-01,1.0540197426826072,0.16441947140724988,0.26782180051587895
1983-04-01,0.9978546575330448,0.0785888134613213,0.2338816518686459
1983-05-01,0.9268887462540316,-0.11263114365483184,0.16755870261995043
1983-06-01,0.9129636996378566,0.04907456220821671,0.2227863542081424
1983-07-01,0.9203401442514324,-0.10985062911662358,0.16842682787858898
1983-08-01,0.8549965276819984,-0.17604247901065828,0.14854510702192586
1983-09-01,0.9431996460875716,-0.07766925073193776,0.17868422386312893
1983-10-01,0.8729571645264135,-0.10118306055485672,0.17115151675277354
1983-11-01,0.9464674294350376,0.0215196148281519,0.21270390434349787
1983-12-01,0.9662728531907336,0.0753066984284898,0.23263287113851816
1984-01-01,0.9245858531474848,-0.00537557550942557,0.20312471501581833
1984-02-01,0.9103033098222356,-0.08195493823568745,0.17729595673828527
1984-03-01,0.951469690999222,-0.00591388144434723,0.2029356549144221
1984-04-01,0.9640538555113872,0.06130983458547523,0.2273491607082242
1984-05-01,0.7599568765231222,-0.36756712571634176,0.1001307756142438
1984-06-01,0.7834195920429168,-0.07459956179970062,0.17968278654294328
1984-07-01,0.915302548771836,-0.1676627349467864,0.1509715381173362
1984-08-01,0.9157287712330392,0.14394054454390115,0.2595042496205081
1984-09-01,0.9061431005259268,-0.06615305142046102,0.1824484697315776
1984-10-01,0.931165565570627,-0.2615319394587847,0.12528243477752837
1984-11-01,0.9512696600236864,-0.13617533570312745,0.160323602845496
1984-12-01,0.9565824348689572,-0.01992460893366421,0.19805195864778533
1985-01-01,1.0519381189768462,-0.15672626987003135,0.1541777567496506
1985-02-01,0.9405876170997012,-0.18507323981884427,0.1459595166998852
1985-03-01,0.9706894728250528,0.05008272998262053,0.2231603385456351
1985-04-01,1.061068733819435,-0.08011631915682815,0.17789070620564387
1985-05-01,1.1991082705631746,-0.29360646040728744,0.11724834342012136
1985-06-01,1.1697971611050744,0.02661247175109804,0.21454706860586595
1985-07-01,1.1333078735846984,-0.0177781954320495,0.19879549286564333
1985-08-01,1.1611328656795772,0.00805684448845656,0.20787632336904377
1985-09-01,1.1356248045926107,0.08875565869365132,0.23777341129193655
1985-10-01,1.2284311223784024,0.149757866956574,0.2618533291446657
1985-11-01,1.2895870431877798,0.17298585349472084,0.27134046236908893
1985-12-01,1.3748789370417211,-0.04988363929893813,0.18785010699817223
1986-01-01,1.328334663563506,0.1848682806602344,0.2762590342368925
1986-02-01,1.5497237045603347,-0.20972446329831995,0.13905634726014188
1986-03-01,1.9991487519450328,0.5600015722398242,0.4492302326962651
1986-04-01,1.9184641059649592,0.5098973166170198,0.42469431537804103
1986-05-01,1.5866962357352212,0.00569366460658926,0.2070356421197461
1986-06-01,1.9003727235973953,0.07806439569813817,0.23368187215098665
1986-07-01,2.0692244812858496,0.6890362209323817,0.5130893426493924
1986-08-01,2.231424460367828,0.653720399919395,0.49557565690500627
1986-09-01,1.9022360236631717,0.3007311741346854,0.32637523612857594
1986-10-01,1.9137912097627143,0.4809671646855749,0.41065283040469736
1986-11-01,2.028667375395258,0.589895864876687,0.46396866529087955
1986-12-01,1.930246589778661,0.6137676708528281,0.47577451008363114
1987-01-01,1.8012622410758348,0.4734494491202639,0.4070219484309225
1987-02-01,1.9024488648189863,0.5415074004899003,0.4401459102619275
1987-03-01,1.8239814018725848,0.43002645942442297,0.3862149159701189
1987-04-01,1.7103216658632594,-0.27389760844868394,0.12214068169140374
1987-05-01,1.68388721748476,0.1680775521938469,0.269321549885146
1987-06-01,1.639050457817809,0.15328376440658986,0.26328240335068276
1987-07-01,1.594127177127132,0.2270005964367794,0.294043577175589
1987-08-01,1.5160015599025936,0.22399035165333017,0.2927555317466346
1987-09-01,1.4993881575531094,0.2177089668958212,0.2900762793101996
1987-10-01,1.6241249060666865,-0.6802735698415721,0.04750132107024803
1987-11-01,1.6043764806399006,0.2163722880050087,0.2895076207628029
1987-12-01,1.5739394552917203,-0.03257152017367448,0.1937051675507221
1988-01-01,1.642292720468512,-0.1753623546859342,0.1487410653931418
1988-02-01,1.5964031008325026,0.16594144671522115,0.2684452724639924
1988-03-01,1.4943899163805952,-0.09889516795060516,0.1718754023550925
1988-04-01,1.394489346097105,-0.02833724464529119,0.1951539840658808
1988-05-01,1.4005998368546866,0.05155000731288783,0.2237052697135024
1988-06-01,1.461479289175077,0.14949784649128262,0.2617480985176155
1988-07-01,1.352658344162862,-0.134781212782082,0.1607462423410006
1988-08-01,1.3358934015049817,0.03673244522592367,0.21823703369267336
1988-09-01,1.4314266115200294,0.22162284491795023,0.29174435006199767
1988-10-01,1.556773251364014,0.32710723552832044,0.33828345946526767
1988-11-01,1.4785730124629266,0.22821019492264605,0.2945618857643262
1988-12-01,1.491305310749086,0.3640012820748435,0.35521305088223676
1989-01-01,1.5547748210063714,0.3617160103650725,0.35415564227176777
1989-02-01,1.4457451433967528,0.2488858490622148,0.30348575511358333
1989-03-01,1.521796417969204,0.4810836850370397,0.4107091681906774
1989-04-01,1.5762463223027845,0.5655411844941465,0.4519566958906399
1989-05-01,1.627533859086566,0.38876012025925166,0.36673909237841584
1989-06-01,1.828941160853612,0.6474904316544448,0.492486038247942
1989-07-01,1.957873517878501,0.8732563252027727,0.603280593089531
1989-08-01,1.7728031516570917,0.5887132163023738,0.463384522146272
1989-09-01,1.6098494298780603,0.6326804587919745,0.4851435015567356
1989-10-01,1.5479655398984602,0.5195592057539433,0.4294060967226765
1989-11-01,1.54437498183621,0.638166535769916,0.48786295211778957
1989-12-01,1.4583979179545183,0.5310239589467641,0.435010096710606
1990-01-01,1.353000376120297,0.26692825887896254,0.3113702837418793
1990-02-01,1.3481455158781577,0.4018467943190744,0.3728810374412147
1990-03-01,1.342693439550254,0.4249275315209573,0.3837917371860772
1990-04-01,1.2768704962813933,0.18488508248750168,0.27626601998450606
1990-05-01,1.1438834400060625,0.09937184026117252,0.2418747942929988
1990-06-01,1.16396636073479,0.15264638964194166,0.2630237756735109
1990-07-01,1.1153271973470955,0.08349296237827075,0.23575448680345557
1990-08-01,1.0449809382742012,-0.22215983116908244,0.13565973339887563
1990-09-01,1.0662999533630766,-0.00433067082781746,0.2034919992563387
1990-10-01,1.323732043990583,0.1730576874364944,0.2713700654485198
1990-11-01,1.4659013762689967,0.27544781903053783,0.3151239244816548
1990-12-01,1.4681418916324196,0.3513407348480184,0.34936917764069075
1991-01-01,1.4811933533571378,0.37273600581323074,0.3592648795705705
1991-02-01,1.329468144946888,0.30380792867212225,0.3277555341349761
1991-03-01,1.288112556455963,0.2382855275510705,0.298895414112444
1991-04-01,1.2895749714037532,0.20255542800218596,0.2836604660015532
1991-05-01,1.24254903373424,0.1869829945166039,0.27713895577627423
1991-06-01,1.219053645634931,0.0985394693011139,0.2415518411233516
1991-07-01,1.3049049073262844,0.1955321791744036,0.28071014200717803
1991-08-01,1.2288004143189024,0.1391877319371031,0.25759313737453127
1991-09-01,1.3313648828634703,0.1717372722695354,0.2708261738511547
1991-10-01,1.3086918230970053,0.15697353734696806,0.2647821510830786
1991-11-01,1.3010046608973738,0.16860985762445568,0.2695401363162029
1991-12-01,1.4660034604411245,0.18017379969495484,0.2743105979186907
1992-01-01,1.2794536211254657,0.05476590498512723,0.22490226219513557
1992-02-01,1.242899862440982,0.10341672629813624,0.24344750719718977
1992-03-01,1.1699083103909609,0.04709125221598742,0.22205167987072505
1992-04-01,1.175509784223132,0.03920281993619246,0.21914330827104228
1992-05-01,1.1843820679140804,0.00588635411037419,0.2071041143651678
1992-06-01,1.172716978626827,0.00414339379474926,0.2064852407013363
1992-07-01,1.2350408369293928,-0.06325558513862384,0.18340329508486528
1992-08-01,1.3799484301665772,0.08208262190740867,0.23521504933563084
1992-09-01,1.500225097394876,0.18066829195720024,0.2745155159768847
1992-10-01,1.393902458396458,0.1104551134077083,0.24619725798105976
1992-11-01,1.2645266161700814,0.07215421750227113,0.2314369116298345
1992-12-01,1.3295045115637305,0.10635454617841612,0.2445932304240314
1993-01-01,1.355951641874794,0.06940748480826686,0.2303976821134225
1993-02-01,1.3965432285368893,0.06251413478118817,0.22780109978472585
1993-03-01,1.3454621283300705,0.03369224480874999,0.21712468428784135
1993-04-01,1.3935857024107212,0.06632751509686674,0.22923548131477708
1993-05-01,1.3054661954946778,0.03608139988639936,0.217998553126234
1993-06-01,1.2981601902812958,-0.03144795125947919,0.19408897169044595
1993-07-01,1.2721859437250171,-0.03800503778786379,0.19185565014858164
1993-08-01,1.3625285071977742,-0.0383313268829808,0.19174492963888107
1993-09-01,1.3998979187338974,0.05203255411066543,0.2238846476329099
1993-10-01,1.3367448488358842,-0.02282204590985381,0.1970509318636147
1993-11-01,1.2544880900996584,-0.1174995500207725,0.16604565588490483
1993-12-01,1.2250751399134472,-0.15525821703427067,0.1546115461286649
1994-01-01,1.18684313879281,-0.2314153787430215,0.13316884927436046
1994-02-01,1.0968800713628677,-0.4246654980989488,0.08822055760185997
1994-03-01,1.1755918513296757,-0.3085646652333256,0.11362907755432453
1994-04-01,1.1879849829668934,-0.2669512822090474,0.1238986615952516
1994-05-01,1.2113674560872132,-0.27252368607381894,0.12248699784436295
1994-06-01,1.1748465768652063,-0.3175275337492991,0.1114989737988408
1994-07-01,1.1696839016010063,-0.2920575433086432,0.11762773097140064
1994-08-01,1.1477256712956685,-0.2617349579965671,0.125230402334345
1994-09-01,1.1327907919544653,-0.38499454972371594,0.09637730105987524
1994-10-01,1.1500297873729357,-0.3027915116013564,0.11501638817121008
1994-11-01,1.219551405021898,-0.22805740496821736,0.13406889535804467
1994-12-01,1.245588667914712,-0.1766573299054348,0.14836810395096228
1995-01-01,1.2376204091901175,-0.22114416164805584,0.1359350045357999
1995-02-01,1.2088059775581974,-0.25362412185462335,0.12732091426834247
1995-03-01,1.2078650507605075,-0.262587820500354,0.12501198359340893
1995-04-01,1.183477000313479,-0.20229006918420775,0.14111441058480592
1995-05-01,1.2813010454586733,-0.2916499144817082,0.11772771874450771
1995-06-01,1.3072308326919748,-0.10614750587380972,0.1695874903292276
1995-07-01,1.2247000578450402,-0.2768213896735412,0.12140599190769984
1995-08-01,1.2437997207484637,-0.1690658936935463,0.15056341251053973
1995-09-01,1.2399793988750591,-0.12687791025765982,0.16315593085702473
1995-10-01,1.313574129636491,-0.0903108507646042,0.1746088643634597
1995-11-01,1.358512931554788,-0.00789685435860776,0.20224011604158673
1995-12-01,1.372109117508295,-0.02056572540890133,0.19783019708108737
1996-01-01,1.3535891710896124,-0.06817689416789952,0.181783382068518
1996-02-01,1.2660126664666465,-0.2791508196482062,0.12082287910281209
1996-03-01,1.2248624597498483,-0.3038755754656859,0.11475496914547811
1996-04-01,1.2275426310800963,-0.25395830317752743,0.12723430472995712
1996-05-01,1.173951392709142,-0.2869660006510748,0.11888095987965056
1996-06-01,1.2378641745844523,-0.24005192783723728,0.13087310499257707
1996-07-01,1.250432484837979,-0.2886747863541561,0.11845931341950304
1996-08-01,1.220289058995749,-0.35944603238062856,0.1019158828536436
1996-09-01,1.204128297221062,-0.35377330800921625,0.10317647821624318
1996-10-01,1.2458245076563657,-0.29666236726975415,0.11650238163133209
1996-11-01,1.293653400846767,-0.24830078675517853,0.12870609069921043
1996-12-01,1.2157914465016706,-0.37086691141098327,0.09941200531619884
1997-01-01,1.2492595672741846,-0.31885353194383037,0.1111862813675188
1997-02-01,1.183749164449512,-0.43555424782724406,0.0860743966117102
1997-03-01,1.1872482912305606,-0.4658380827185393,0.08031107624967038
1997-04-01,1.1921553480545748,-0.4146015715080564,0.0902393850005602
1997-05-01,1.1503118443016456,-0.4135242399502412,0.09045751506117854
1997-06-01,1.1253428701756425,-0.5137864605355673,0.07178924869281327
1997-07-01,1.182791168896258,-0.49046456145741857,0.07584335507709009
1997-08-01,1.123788043465732,-0.49185067882311895,0.07559762981314742
1997-09-01,1.1348460962459217,-0.5441606811622237,0.0667610017624596
1997-10-01,1.2675429750986125,-0.4175722891849995,0.08963992057104271
1997-11-01,1.291483356687293,-0.3108163856377322,0.1130912275498815
1997-12-01,1.2848991315655756,-0.3760414064266542,0.09829248565915089
1998-01-01,1.3324764948963344,-0.33120768482183816,0.108303111184967
1998-02-01,1.300507169835315,-0.30599019413826434,0.11424625185549868
1998-03-01,1.2807110816305671,-0.3579239663191214,0.10225301148319196
1998-04-01,1.1931878821197677,-0.3910468935996067,0.09509825784720402
1998-05-01,1.2049649621035616,-0.34519319734216225,0.1051046086628666
1998-06-01,1.304477392053375,-0.3070838887979135,0.11398377095518288
1998-07-01,1.351531588162124,-0.2673896067274093,0.12378720940615964
1998-08-01,1.9823382484716956,0.13189288472382077,0.25467415154571704
1998-09-01,2.0939971059121394,0.11496719080651552,0.24796875447933425
1998-10-01,2.231529067261861,0.23030374962501687,0.29545996120299395
1998-11-01,1.9704781514693368,0.21406456340934168,0.28852708775325464
1998-12-01,1.931560859653758,0.07821131419314753,0.2337378319864676
1999-01-01,1.8910240518719068,0.07006271703830214,0.23064535278031603
1999-02-01,1.7647874110936752,-0.1540298962716713,0.15497511716540913
1999-03-01,1.6627708467708866,-0.14286852853025933,0.15830463022802335
1999-04-01,1.61081396376359,-0.18358128131037876,0.14638457996698714
1999-05-01,1.6458082656553763,-0.18125484039793016,0.14704904650996883
1999-06-01,1.6858768196852143,-0.11825178284967096,0.16581266010731913
1999-07-01,1.7423784548501322,-0.0697448021189988,0.181269170535446
1999-08-01,1.9586411946480329,-0.00978142103564949,0.20158041716173872
1999-09-01,2.0206204322703125,0.12352946703712896,0.25134902197623693
1999-10-01,2.0866789305995903,0.13718916120999847,0.2567916978964323
1999-11-01,2.037546173748062,0.10211818948160988,0.2429420151221161
1999-12-01,1.862697629054356,-0.12712406534090048,0.16308052666642028
2000-01-01,1.951746674154659,0.05798959425599559,0.2261057902351604
2000-02-01,2.122063749705321,0.14728694014383814,0.2608542191347201
2000-03-01,2.4724797336204185,0.4119044120788895,0.3776235145834944
2000-04-01,2.6326045966269307,0.5694707772531933,0.45389212879621527
2000-05-01,2.802786292820378,0.7513002236416289,0.543884835323757
2000-06-01,2.8122246765252883,0.7974083573877047,0.5665312393643447
2000-07-01,2.9290527958432584,0.8770542656520588,0.6050997003052356
2000-08-01,3.051138311629874,1.029929716530698,0.6760322317229608
2000-09-01,3.199956227897844,1.1364425297465357,0.7220875332110673
2000-10-01,3.635501030687768,1.5272253681434602,0.8587891692050418
2000-11-01,3.7367477473529096,1.6099061346613714,0.8805395117566803
2000-12-01,3.7571032536719464,1.6091156465242706,0.8803434272926739
2001-01-01,3.370642447300915,1.1549945709301783,0.7297704894587915
2001-02-01,3.292957190620823,1.186030432017155,0.7423813269522387
2001-03-01,3.249290427478023,1.1155865153165037,0.7133250884520511
2001-04-01,3.172554202298158,0.9263886340676484,0.6285080789948586
2001-05-01,2.968723805976939,0.7825185295136072,0.5592381533671769
2001-06-01,3.0764290736696873,1.0239614844079972,0.6733606502177201
2001-07-01,3.0117005556463217,0.7911985253580247,0.5634922495077125
2001-08-01,3.003516881008127,0.7715014638676392,0.5538288528378349
2001-09-01,3.5172105122612867,1.2363036717494036,0.762141038389892
2001-10-01,3.417345785311736,1.0532576808207137,0.6863868552758213
2001-11-01,2.969791665177343,-0.08856900626611397,0.17516686210652674
2001-12-01,2.8843698750408246,0.4123070771765742,0.3778137736777286
2002-01-01,2.920527776772775,0.573637204380776,0.4559454047732584
2002-02-01,2.958090585289686,0.7904980708371858,0.5631492197930443
2002-03-01,2.6166188563709696,0.2881648808689232,0.32076254307132196
2002-04-01,2.658459443149495,0.4243182816783708,0.38350250315722995
2002-05-01,2.73463728322125,0.5225275633775648,0.4308557202548048
2002-06-01,3.2774888967934257,0.9753397227887834,0.6512742667457575
2002-07-01,4.091923009031274,1.6014895343895708,0.8784400691347358
2002-08-01,3.9681842117671433,1.4984657943256323,0.8506301428457548
2002-09-01,4.296627011872055,1.6827134793512828,0.8976377787238174
2002-10-01,4.3470043902468944,1.475743570024024,0.8439655553209253
2002-11-01,3.774240172865568,1.0600428584799473,0.6893717110149788
2002-12-01,3.678170983408556,0.9229387364240248,0.6268854057039692
2003-01-01,3.562984513458865,0.87215138926791,0.6027509353990597
2003-02-01,3.4491588116232954,0.6704158293767453,0.503856192658351
2003-03-01,3.2069138402586472,0.15557386599300085,0.26421272874523316
2003-04-01,2.7286779273699797,0.06757357221185556,0.2297052741508636
2003-05-01,2.804684502891423,-0.4757493901209373,0.07848962975826565
2003-06-01,2.5407174376511183,-0.37096163693718376,0.09939142772074425
2003-07-01,2.4420962025251987,-1.0706069111025802,0.01558634093931474
2003-08-01,2.3966710255195864,-0.19813161682779112,0.1422745584262732
2003-09-01,2.422968808832967,-0.5427044064721143,0.06699568823329755
2003-10-01,2.1027438622236847,-0.5219475668502831,0.07041053344100415
2003-11-01,2.00841067750452,-0.5484605518595407,0.06607176595603044
2003-12-01,1.9178418291929265,-0.514178209664248,0.07172259798312697
2004-01-01,1.789382741289964,-0.708740067618634,0.04409998902866831
2004-02-01,1.9030963038824733,-0.3423743407095057,0.10574372048403494
2004-03-01,1.9172389986233151,-0.5268040053141534,0.06959981513138996
2004-04-01,1.7469234840325616,-0.7634558258049091,0.03811471607131549
2004-05-01,1.8923534946015337,-0.3824661067898856,0.09691536507687452
2004-06-01,1.803104308347058,-0.38852137334860704,0.09563044836149912
2004-07-01,1.72978803047843,-0.3251069978232539,0.10972007288864095
2004-08-01,1.854785625263608,-0.42877463214999545,0.08740601298717801
2004-09-01,1.7433738815547837,-0.5497693916786643,0.06586306720264987
2004-10-01,1.7348672231747069,-0.5338725799698334,0.06843267801009213
2004-11-01,1.527808172086814,-0.6721713137520817,0.04850692649818421
2004-12-01,1.4593200821488044,-0.7185450831761304,0.04297494217367078
2005-01-01,1.694157418561368,-0.702886406274124,0.04478289237915787
2005-02-01,1.5487873461845,-0.9309000933307277,0.02378606067798692
2005-03-01,1.84029884526466,-0.6426022779329963,0.0523220304884785
2005-04-01,2.123849804550002,-0.3879968184281544,0.09574125957944264
2005-05-01,2.095573548080987,-0.307660979750048,0.11384544548973728
2005-06-01,1.9517064141976743,-0.4529667889534301,0.08272394027956344
2005-07-01,1.7112655755249837,-0.5563083954824974,0.06482804553384194
2005-08-01,1.799036344160574,-0.5543830383899981,0.0651314789819383
2005-09-01,1.8192294221802885,-0.4631115747671624,0.08081769826891197
2005-10-01,1.868970152017997,-0.34640338370851675,0.10483108578067672
2005-11-01,1.8766400461010648,-0.3163833565216163,0.11176929518863424
2005-12-01,1.938260244880912,-0.2871101750066878,0.11884534366442152
2006-01-01,1.7809856727547158,-0.35853730317413124,0.10211706355259004
2006-02-01,1.7325564182649502,-0.3146991567197721,0.1121680537452421
2006-03-01,1.703692940493609,-0.4013258999186795,0.09295471242484855
2006-04-01,1.6274586663381525,-0.43938110983664913,0.08532947730158143
2006-05-01,1.6407348939685076,-0.34223835798172364,0.10577462236265764
2006-06-01,1.7498725594804556,-0.35038557519358804,0.10393468123530414
2006-07-01,1.7956068257685596,-0.2506179680986569,0.12810186085273423
2006-08-01,1.804405126510942,-0.2764534532142189,0.1214982759619467
2006-09-01,1.8165557420703131,-0.3361884171240308,0.10715607538660904
2006-10-01,1.7122396586037132,-0.367331588873991,0.10018222573322168
2006-11-01,1.7008695785119523,-0.336108129538929,0.1071744954459694
2006-12-01,1.5890978284489394,-0.4700317165663472,0.07953653214925739
2007-01-01,1.4951865175440908,-0.5309689902334045,0.06891026747460118
2007-02-01,1.5323029579448273,-0.5268716162005307,0.06958857932811055
2007-03-01,1.5917297287864896,-0.3390598469405477,0.10649879492826518
2007-04-01,1.562129081402342,-0.3416508945504815,0.10590819759859628
2007-05-01,1.471194593637376,-0.5703934036954303,0.06264154352839695
2007-06-01,1.633249752242368,-0.3606651061536361,0.10164644921020984
2007-07-01,2.1365167025746694,0.04743411632220118,0.22217858750170943
2007-08-01,2.2850340752048672,0.15433317961639137,0.26370850752854647
2007-09-01,2.2533671596213987,0.087617588737257,0.2373360123017821
2007-10-01,2.1881437218423065,0.00621097907617551,0.20721950018891663
2007-11-01,2.76134197117763,0.35417939582706115,0.35067640769794656
2007-12-01,2.847961743494156,0.5113971980784542,0.4254250701895668
2008-01-01,3.2658149715291525,0.7318205083313565,0.5342698109090697
2008-02-01,3.5365947591714133,0.941389680727553,0.6355370204524285
2008-03-01,3.7711590157616417,1.165342506250482,0.734009248833606
2008-04-01,3.267143026048855,0.6758976366627798,0.5065748505188231
2008-05-01,3.110440973125883,0.6853090776486983,0.5112415958480723
2008-06-01,3.4359653824443845,0.8253732220680199,0.5801655703021654
2008-07-01,3.669490580340298,1.0794328818446917,0.697832572602977
2008-08-01,3.776027124551635,1.2285104438653036,0.7591333987089939
2008-09-01,4.7761317537836,1.7824349798919892,0.9180667601435202
2008-10-01,7.1380297704125555,3.4145809832522325,0.99968844594595
2008-11-01,7.844395345971491,3.158440698759261,0.9990418431061676
2008-12-01,7.660285079980124,3.3486020359461106,0.9995800854951612
2009-01-01,6.388291569059764,2.8163106455409435,0.9962918745924813
2009-02-01,6.198652059657287,3.191865293386227,0.9991680311041096
2009-03-01,6.316331773799217,2.7693038744506717,0.9955920248165522
2009-04-01,5.42293669335514,2.262853876889915,0.9766750919022678
2009-05-01,4.811100623482517,1.3721976814336374,0.8111540199485766
2009-06-01,4.171172307299493,0.93384416396743,0.6320069928704465
2009-07-01,3.557523334059841,0.3296289276495439,0.3394307066228341
2009-08-01,3.3379648422287085,0.06434402282227447,0.22848877066759604
2009-09-01,2.977804360302778,0.06323943888081995,0.22807352921978877
2009-10-01,2.861571860124334,-0.13904897943676886,0.15945472812994152
2009-11-01,2.8559688695180903,-0.00100124978176507,0.20466493076971412
2009-12-01,2.421946275380708,-0.4777936436436101,0.07811787421157428
2010-01-01,2.410360176256397,-0.19177507326828055,0.14406038238778415
2010-02-01,2.4455255383742776,0.00577977041451083,0.20706623817658865
2010-03-01,2.2364101938903507,-0.15186951945072513,0.1556159364823448
2010-04-01,2.1275241361468615,-0.26664523831370435,0.12397652059414332
2010-05-01,2.5867768470184913,-0.1212961572539295,0.16487185859938722
2010-06-01,2.718864675306113,0.05795886387324378,0.2260943002359547
2010-07-01,2.5588452581188297,0.1892962046956033,0.2781030384021471
2010-08-01,2.706907948356212,-0.26756685513978384,0.12374216062438297
2010-09-01,2.5461071749243747,0.01645988298967493,0.2108819167279282
2010-10-01,2.418150617181132,0.01656113117383073,0.21091828579464236
2010-11-01,2.4216672443642424,-0.11338163335377428,0.1673248814830382
2010-12-01,2.231902166392352,-0.3950303157778441,0.09426328939193204
2011-01-01,2.12096919047592,-1.8591783978028076e-4,0.2049527783450057
2011-02-01,2.011119557708599,-0.25248318920004964,0.12761691795323304
2011-03-01,1.977927331630352,-0.2945218776191314,0.11702453153098194
2011-04-01,1.9900403206658832,-0.2429866909495646,0.13009925720996487
2011-05-01,2.0755319196162487,-0.11516304822542488,0.16677070969274538
2011-06-01,2.16296703659615,0.0013188675841711,0.20548466452057404
2011-07-01,2.230047560528791,-0.04000888605446118,0.19117629715267764
2011-08-01,2.833728165825183,-0.07684585890435525,0.17895172777326251
2011-09-01,3.119604705232815,0.46217211821565174,0.4015903043923049
2011-10-01,2.811555805412423,-0.0677936208669192,0.1819092191476463
2011-11-01,2.9969737428104626,0.5267272282265605,0.4329082513899768
2011-12-01,2.887846248209311,0.30806558768572145,0.32966949612363744
2012-01-01,2.7676881241976568,0.21307009655266507,0.2881050300559359
2012-02-01,2.520186964460113,0.0870889034844371,0.2371329709812872
2012-03-01,2.4474592279630736,-0.3164897261314734,0.1117441447368319
2012-04-01,2.538137915788065,-0.13361737305763732,0.16109962632695315
2012-05-01,2.8088297117930634,-0.04757916904108139,0.18862312536355996
2012-06-01,2.7603354416966597,0.19639446998448973,0.2810715722461271
2012-07-01,2.6123006565514704,0.02865822827130992,0.21529005776786808
2012-08-01,2.5389020069430797,-0.1744304531636076,0.14900984660613337
2012-09-01,2.4161729285678466,-0.12329480938646632,0.1642560997143205
2012-10-01,2.255822917817379,-0.15580286358311168,0.1544505165597471
2012-11-01,2.350731439229929,-0.02534784943827484,0.19618080267249963
2012-12-01,2.2472953002578637,-0.142389049281602,0.15844870592043983
2013-01-01,2.12741943175995,-0.07270565382652183,0.1803006159457943
2013-02-01,2.174290532518122,-0.0083984757062745,0.2020643957975439
2013-03-01,2.150776411008801,-0.07399025726439712,0.17988140816546982
2013-04-01,2.0909162609731275,-0.09996678835537408,0.17153610028186755
2013-05-01,2.0012292470305635,-0.47863992613324946,0.07796436592318144
2013-06-01,2.1764912515128536,-0.3448915104604713,0.10517287543139356
2013-07-01,2.0514787645243766,-3.154812013077546e-4,0.204907020775391
2013-08-01,2.023707017181413,-0.11544078542424074,0.16668441658824742
2013-09-01,2.0944296946921708,-0.12411113983666722,0.16400502834491454
2013-10-01,1.998575804444788,-0.02730570056040826,0.19550793645286396
2013-11-01,1.9520909285989307,0.01250550848123976,0.20946435607371536
2013-12-01,1.7975490277920327,-0.1449099649186849,0.1576921742658906
2014-01-01,1.8548803562631495,-0.29895335559419767,0.1159453523154678
2014-02-01,1.7555857707019369,-0.19847066920440493,0.14217972679427812
2014-03-01,1.7056108603896605,-0.26845670236116814,0.12351617389974308
2014-04-01,1.6496864261208846,-0.35056528323778324,0.10389435985325372
2014-05-01,1.6479140874895015,-0.3660477475497439,0.10046300434778511
2014-06-01,1.61700846123496,-0.3026465011648345,0.11505138912915196
2014-07-01,1.674983802862948,-0.3160598097347216,0.1118458207597048
2014-08-01,1.6716660913902734,-0.30955221403878563,0.1133929657723242
2014-09-01,1.8217133710819335,-0.213385489464214,0.13805041073328317
2014-10-01,1.9238379707890092,-0.21177661354842336,0.13849186707379327
2014-11-01,2.0873071283524887,0.06349142887439507,0.2281682213423899
2014-12-01,2.1789462623808906,0.08472350908241966,0.23622571214102375
2015-01-01,2.2573650196858748,-0.03843909990986027,0.19170836734098737
2015-02-01,2.0129841359402225,-0.2898678921951374,0.1181655394108329
2015-03-01,2.123485207733539,-0.129225006112768,0.16243787156946657
2015-04-01,2.093875395082644,0.00683154502095906,0.20744018208062556
2015-05-01,2.100065928324434,0.05251680590861385,0.22406474150069855
2015-06-01,2.2186723027722204,0.14920600791324823,0.26163001690406346
2015-07-01,2.3525915555246084,0.2117326617737758,0.28753787452280577
2015-08-01,2.46528808446267,0.4000246417163504,0.3720238699945819
2015-09-01,2.679080027043383,0.5391128791567903,0.43897191988934176
2015-10-01,2.453369279631448,0.42493710235859306,0.3837962813430358
2015-11-01,2.5098478472125523,0.5113215949893766,0.4253882295775097
2015-12-01,2.7212473782824076,0.6815869351383181,0.5093960873559735
2016-01-01,3.1128751750469603,0.9195013119341118,0.6252663575326027
2016-02-01,3.128889557817826,0.951497331798953,0.6402476923019775
2016-03-01,2.71276538527658,0.5845563814229546,0.46133197999776687
2016-04-01,2.436361233496931,0.2399514709676014,0.29961473896296975
2016-05-01,2.405362522681947,0.25270576324113847,0.3051476068620993
2016-06-01,2.505618155831571,0.06552901119795651,0.2289347100376636
2016-07-01,2.3113534675233507,0.01317891552107397,0.20970536159192232
2016-08-01,2.1162178410185297,-0.01594490896562073,0.1994318880400588
2016-09-01,2.107125839234614,-0.06911444610872053,0.18147579268033973
2016-10-01,1.9125956865393368,-0.07032393871656928,0.1810794673298218
2016-11-01,1.8231231688420144,-0.7430522645796189,0.04026415530436663
2016-12-01,1.6868946420168809,-0.24136457299354763,0.1305265901634028
2017-01-01,1.644188769651249,-0.19394165968789445,0.14345000551685017
2017-02-01,1.5966505779991755,-0.18006654085549245,0.14738922188638506
2017-03-01,1.631957392009404,-0.1679064757734776,0.15090059037476106
2017-04-01,1.6198128427609015,-0.11596235257292986,0.1665224432573136
2017-05-01,1.5849161310704296,-0.163164654355622,0.1522848181296258
2017-06-01,1.5639624105368584,-0.1215835275493633,0.16478323161847314
2017-07-01,1.5088501709160551,-0.14608650358705066,0.1573399062305578
2017-08-01,1.6233567580542243,-0.07632423362282559,0.1791213239602138
2017-09-01,1.508109361545782,-0.2548439284762434,0.12700497611678083
2017-10-01,1.4369356400155844,-0.21136028427245424,0.13860625935570153
2017-11-01,1.4518253597023092,-0.12848153374616267,0.16266510305994442
2017-12-01,1.41158219166317,-0.19312330194455551,0.14368035007280483
2018-01-01,1.276795388231348,-0.3977357745773336,0.093699287341767315
2018-02-01,1.3748957629406329,-0.2430395214886134,0.13008535576090646
2018-03-01,1.5364804319763146,-0.10235954223886036,0.1707800399904153
2018-04-01,1.4496385622868986,-0.2824935135473845,0.11998956997273869
2018-05-01,1.535331486863481,-0.19445775885167227,0.1433048664638617
2018-06-01,1.62195147873376,0.02738448138769444,0.2148272760580729
2018-07-01,1.487674482682534,-0.12562280467073705,0.1635407570561683
2018-08-01,1.522980810235979,-0.09481761082408437,0.1731703743633501
2018-09-01,1.4314502632932729,-0.17588587556847357,0.14859021252017451
2018-10-01,1.583475549206519,0.0022977490454632,0.20583110261336937
2018-11-01,1.7892943450416232,0.14736368408719924,0.2608852207286703
2018-12-01,2.076983875361502,0.3477961221247847,0.34773935685212
2019-01-01,1.8296979501071595,0.1861017175531805,0.27677209435027333
2019-02-01,1.648023567273897,0.07639090812206129,0.23304498130668336
2019-03-01,1.678767831675078,-0.11310299055452556,0.167411670346218
2019-04-01,1.5787228532921278,0.00585950202536089,0.20709457166926415
2019-05-01,1.8163662753635728,-0.00825742406524576,0.20211379759398607
2019-06-01,1.6896810147684789,0.01879452254891678,0.21172147071380937
2019-07-01,1.630709798134868,-0.03542956169638911,0.1927309660882728
2019-08-01,1.8082417618389148,-0.14909518035374592,0.1564414314540643
2019-09-01,1.727684102858904,-0.2270842381144016,0.13433051500806958
2019-10-01,1.7055084869357,-0.2220706254716318,0.13568389500468914
2019-11-01,1.6393877480465997,-0.16653010785530165,0.15130151287257257
2019-12-01,1.48770080461116,-0.27785521794888735,0.12114695587838334
2020-01-01,1.6649238906599395,-0.23913264126977296,0.13111615838845303
2020-02-01,1.985197893932558,-0.14909792380492948,0.15644061372790952
2020-03-01,3.821601559476067,1.196300088596844,0.7464858852041404
2020-04-01,2.885220268986319,0.6534142372104133,0.495423814384444
2020-05-01,2.523248659135445,0.40791134590239064,0.3757384063405005
2020-06-01,2.32720257004988,0.05411143100424454,0.22465836593877872
2020-07-01,2.0346570932819357,-0.1592269099066037,0.1534407072853805
2020-08-01,1.9389504967839983,-0.2840677055339478,0.11959854173918504
2020-09-01,2.0547879103824713,0.00118933292767753,0.20543884657931827
2020-10-01,1.9313057458511993,-0.2074640867513613,0.13967991404443486
2020-11-01,1.6735373877406812,-0.46448030434053167,0.08056306901863546
2020-12-01,1.4896297537846388,-0.49668640862554647,0.07474511926912521
2021-01-01,1.448576758916245,-0.6508435093248686,0.05123551927464494
2021-02-01,1.393054352541517,-0.9464366766831448,0.02272386850527956
2021-03-01,1.3319792980537148,-0.7437221621531396,0.04019205310388372
2021-04-01,1.2702642309791614,-0.4855342811788707,0.07672230635946459
2021-05-01,1.2625312081578604,-0.4214968085509223,0.08885253369818492
2021-06-01,1.18449538186168,-0.5845545462973429,0.06050160401088
2021-07-01,1.2510428794725792,-0.5550998584494693,0.06501838066843223
2021-08-01,1.2459846623872846,-0.4785482814763349,0.07798097840786676
2021-09-01,1.1924092307683198,-0.6466518904401088,0.05178587121642546
2021-10-01,1.1859482769146923,-0.5264342943153315,0.06966127964519271
2021-11-01,1.3349255506936766,-0.4505833948602664,0.08317665818389589
2021-12-01,1.2486814710768852,-0.44617789795965423,0.084018368236039
2022-01-01,1.3635536602824652,-0.3507515041795364,0.10385258913255752
2022-02-01,1.5265876266535012,-0.2160324264774387,0.1373262130357235
2022-03-01,1.4195220136024869,-0.8536939049140484,0.02970248861696991
2022-04-01,1.593628073948139,-0.3195728692833004,0.11101691259544116
2022-05-01,1.58551655283477,-0.12678836775569025,0.163183365850484
2022-06-01,1.9431210461104556,0.0674478096404274,0.2296578342523633
2022-07-01,1.7253283337317926,0.00507229930276653,0.20681493111800692
2022-08-01,1.7196783756214862,-0.03732623815126046,0.1920861143348042
2022-09-01,1.8796500711792528,0.01962892162504359,0.21202200074505528
2022-10-01,1.6831671146332228,0.09486471259216288,0.24012886827350816
2022-11-01,1.5783473048110448,-0.22892973791556617,0.13383468094057344
2022-12-01,1.5245983912456902,-0.01136810751043881,0.20102599315800193
2023-01-01,1.4227254757561545,-0.02354096963817764,0.19680302803618477
2023-02-01,1.4911766932384711,-0.14993767578372696,0.15619044553552788
2023-03-01,1.5367333561695886,-0.1837919011395208,0.14632452344262284
2023-04-01,1.5441676579024244,0.20075050977317588,0.28290084014377065
2023-05-01,1.576767037135277,0.14914008679763313,0.2616033481649501
2023-06-01,1.4189164254600022,0.1903158478972702,0.2785285166177836
2023-07-01,1.3119677363135982,0.02907395719837935,0.2154412268356797
2023-08-01,1.3472195256271056,0.08453972901979978,0.2361553025024978
2023-09-01,1.3360778639183692,6.40709247183624e-4,0.20524485916279112
2023-10-01,1.4310969269528149,0.2373568448926009,0.2984947662775107
2023-11-01,1.196035992000487,-0.07007492413088245,0.1811610198255125
2023-12-01,1.145614971010131,-0.21798223257357008,0.13679441154093097
2024-01-01,1.1060157279234584,-0.05643815048930412,0.18566215894765684
2024-02-01,1.1077439489794083,-0.12065249936877188,0.16507047912098088
2024-03-01,1.0572471043201623,-0.07833627916921815,0.17846770406277618
2024-04-01,1.0206311465422857,-0.19119757028294804,0.14422337336782928
2024-05-01,0.9883927456040008,-0.11892145754264494,0.16560541371152313
2024-06-01,1.098794326758371,-0.01294029562317522,0.20047753840233257
2024-07-01,1.0752504579044229,-0.07605400787608874,0.17920922228411448
2024-08-01,1.09849136205239,-0.02433933225337825,0.19652795301790824
2024-09-01,1.053506401698439,-0.08235233384169183,0.17716757394217286
2024-10-01,0.9870738452671088,-0.34937063725079176,0.104162617541128
2024-11-01,0.9517821631347548,-0.2114750564361555,0.13857471767614882
2024-12-01,0.9380101527067976,-0.44806029592749386,0.0836579398484268
2025-01-01,0.8989254928286319,-0.2850505141417474,0.11935486897517825
2025-02-01,0.99724421820828,-0.2396779141782436,0.13097195417693094
2025-03-01,1.1214699235811032,-0.01957258782116744,0.19817378622409035
2025-04-01,1.2627001059671843,-0.0754914704573979,0.17939228998749565
2025-05-01,1.0209057389016492,-0.18846467633745156,0.14499637469351864
2025-06-01,0.9854567723181812,-0.20365675145564577,0.14073453058633728
2025-07-01,0.919774265668714,-0.22351303481394105,0.13529357596014802
2025-08-01,0.9344140383975744,-0.17274892236380943,0.14949565812424095
2025-09-01,0.8858293639828417,-0.30486739187033496,0.11451616590869432
2025-10-01,0.9280426894781544,-0.27323325349304584,0.12230805561382407
2025-11-01,0.9327617908405916,-0.23189069253628536,0.13304178647236692
2025-12-01,0.8961342641316439,-0.24005536868250155,0.13087219584074122
2026-01-01,0.8424276029223626,-0.2862334878920322,0.11906203314186944
